<?xml version="1.0" encoding="UTF-8" ?>
<?demandware-pipeline version="2.0"?>

<pipeline group="Catalog">
  <description>Creating, modifying and showing of a product comparison.</description>
  <branch basename="_ANONYMOUS_BRANCH_1">
    <segment>
      <node>
        <text-node>
          <description>Expects:
 - category: category ID</description>
        </text-node>
        <node-display x="1" y="1"/>
      </node>
    </segment>
  </branch>
  <branch basename="_ANONYMOUS_BRANCH_2">
    <segment>
      <node>
        <text-node>
          <description>Expects:
- pid: SKU
- category: category ID</description>
        </text-node>
        <node-display x="3" y="1"/>
      </node>
    </segment>
  </branch>
  <branch basename="Show">
    <segment>
      <node>
        <start-node name="Show" secure="false"/>
        <node-display x="1" y="2"/>
      </node>
      <simple-transition/>
      <node>
        <pipelet-node pipelet-name="Script" pipelet-set-identifier="bc_api">
          <config-property key="ScriptFile" value="Storefront_core:catalog/GetCompareList.ds"/>
          <config-property key="Transactional" value="false"/>
          <key-binding alias="CurrentHttpParameterMap.category.value" key="SelectedCategory"/>
          <key-binding alias="CompareList" key="CompareList"/>
          <key-binding alias="null" key="ScriptLog"/>
        </pipelet-node>
        <node-display x="0" y="1"/>
        <branch basename="b2" source-connector="error">
          <transition target-connector="in1" target-path="./+1">
            <transition-display>
              <bend-point relative-to="source" x="1" y="0"/>
              <bend-point relative-to="target" x="1" y="-2"/>
              <bend-point relative-to="target" x="1" y="0"/>
            </transition-display>
          </transition>
        </branch>
      </node>
      <simple-transition/>
      <node>
        <pipelet-node pipelet-name="UpdateFormWithObject" pipelet-set-identifier="bc_api">
          <key-binding alias="CurrentForms.compare" key="Form"/>
          <key-binding alias="CompareList" key="Object"/>
        </pipelet-node>
        <node-display x="0" y="1"/>
      </node>
      <simple-transition/>
      <node>
        <pipelet-node pipelet-name="SetFormOptions" pipelet-set-identifier="bc_api">
          <key-binding alias="CurrentForms.compare.categories" key="FormField"/>
          <key-binding alias="CompareList.categories" key="Options"/>
          <key-binding alias="Begin" key="Begin"/>
          <key-binding alias="End" key="End"/>
        </pipelet-node>
        <node-display x="0" y="1"/>
      </node>
      <transition target-connector="in1" target-path="./+1"/>
    </segment>
    <segment>
      <node>
        <join-node/>
        <node-display x="0" y="1"/>
      </node>
      <simple-transition>
        <transition-display>
          <bend-point relative-to="source" x="0" y="1"/>
        </transition-display>
      </simple-transition>
      <node>
        <interaction-node transaction-required="false">
          <template buffered="true" dynamic="false" name="product/compare/compareshow"/>
        </interaction-node>
        <node-display x="0" y="1"/>
      </node>
    </segment>
  </branch>
  <branch basename="AddProduct">
    <segment>
      <node>
        <start-node call-mode="public" name="AddProduct" secure="false"/>
        <node-display x="3" y="2"/>
      </node>
      <simple-transition/>
      <node>
        <pipelet-node pipelet-name="GetProduct" pipelet-set-identifier="bc_api">
          <key-binding alias="null" key="sku"/>
          <key-binding alias="Product" key="Product"/>
          <key-binding alias="CurrentHttpParameterMap.pid.value" key="ProductID"/>
        </pipelet-node>
        <node-display x="0" y="1"/>
        <branch basename="b2" source-connector="error">
          <transition target-connector="in1" target-path="./b3.1">
            <transition-display>
              <bend-point relative-to="source" x="2" y="0"/>
            </transition-display>
          </transition>
        </branch>
      </node>
      <simple-transition/>
      <node>
        <pipelet-node pipelet-name="GetCategory" pipelet-set-identifier="bc_api">
          <key-binding alias="CurrentHttpParameterMap.category.value" key="CategoryID"/>
          <key-binding alias="Category" key="Category"/>
        </pipelet-node>
        <node-display x="0" y="1"/>
        <branch basename="b3" source-connector="error">
          <transition target-connector="in1"/>
          <segment>
            <node>
              <join-node/>
              <node-display x="1" y="0"/>
            </node>
            <transition target-connector="in1" target-path="../b4.1"/>
          </segment>
        </branch>
      </node>
      <simple-transition>
        <transition-display>
          <bend-point relative-to="source" x="0" y="1"/>
        </transition-display>
      </simple-transition>
      <node>
        <pipelet-node pipelet-name="Script" pipelet-set-identifier="bc_api">
          <config-property key="Transactional" value="false"/>
          <config-property key="OnError" value="PIPELET_ERROR"/>
          <config-property key="ScriptFile" value="Storefront_core:catalog/AddToCompareList.ds"/>
          <key-binding alias="null" key="ScriptLog"/>
          <key-binding alias="Category" key="Category"/>
          <key-binding alias="Product" key="Product"/>
        </pipelet-node>
        <node-display x="0" y="1"/>
        <branch basename="b4" source-connector="error">
          <transition target-connector="in1"/>
          <segment>
            <node>
              <join-node/>
              <node-display x="1" y="0"/>
            </node>
            <simple-transition>
              <transition-display>
                <bend-point relative-to="source" x="0" y="1"/>
              </transition-display>
            </simple-transition>
            <node>
              <pipelet-node pipelet-name="Eval" pipelet-set-identifier="bc_api">
                <config-property key="OnError" value="null"/>
                <config-property key="Transactional" value="false"/>
                <config-property key="Expression" value="false"/>
                <key-binding alias="Success" key="Result"/>
              </pipelet-node>
              <node-display x="0" y="1"/>
            </node>
            <transition target-connector="in1" target-path="../+1">
              <transition-display>
                <bend-point relative-to="source" x="0" y="2"/>
              </transition-display>
            </transition>
          </segment>
        </branch>
      </node>
      <simple-transition>
        <transition-display>
          <bend-point relative-to="source" x="0" y="1"/>
        </transition-display>
      </simple-transition>
      <node>
        <pipelet-node pipelet-name="Eval" pipelet-set-identifier="bc_api">
          <config-property key="OnError" value="null"/>
          <config-property key="Transactional" value="false"/>
          <config-property key="Expression" value="true"/>
          <key-binding alias="Success" key="Result"/>
        </pipelet-node>
        <node-display x="0" y="1"/>
      </node>
      <transition target-connector="in1" target-path="./+1"/>
    </segment>
    <segment>
      <node>
        <join-node/>
        <node-display x="0" y="1"/>
      </node>
      <simple-transition>
        <transition-display>
          <bend-point relative-to="source" x="0" y="1"/>
        </transition-display>
      </simple-transition>
      <node>
        <interaction-node transaction-required="false">
          <template buffered="true" dynamic="false" name="product/compare/comparejson"/>
        </interaction-node>
        <node-display x="0" y="1"/>
      </node>
    </segment>
  </branch>
  <branch basename="_ANONYMOUS_BRANCH_5">
    <segment>
      <node>
        <text-node>
          <description>Parameters:
- pid: SKU
- category: category ID</description>
        </text-node>
        <node-display x="5" y="1"/>
      </node>
    </segment>
  </branch>
  <branch basename="_ANONYMOUS_BRANCH_6">
    <segment>
      <node>
        <text-node>
          <description>Parameters:
- category: category ID</description>
        </text-node>
        <node-display x="7" y="1"/>
      </node>
    </segment>
  </branch>
  <branch basename="RemoveProduct">
    <segment>
      <node>
        <start-node name="RemoveProduct" secure="false"/>
        <node-display x="5" y="2"/>
      </node>
      <simple-transition>
        <transition-display>
          <bend-point relative-to="source" x="0" y="1"/>
        </transition-display>
      </simple-transition>
      <node>
        <pipelet-node pipelet-name="GetProduct" pipelet-set-identifier="bc_api">
          <key-binding alias="null" key="sku"/>
          <key-binding alias="Product" key="Product"/>
          <key-binding alias="CurrentHttpParameterMap.pid.value" key="ProductID"/>
        </pipelet-node>
        <node-display x="0" y="1"/>
        <branch basename="b2" source-connector="error">
          <transition target-connector="in1" target-path="./b3.1">
            <transition-display>
              <bend-point relative-to="source" x="2" y="0"/>
            </transition-display>
          </transition>
        </branch>
      </node>
      <simple-transition/>
      <node>
        <pipelet-node pipelet-name="GetCategory" pipelet-set-identifier="bc_api">
          <key-binding alias="CurrentHttpParameterMap.category.value" key="CategoryID"/>
          <key-binding alias="Category" key="Category"/>
        </pipelet-node>
        <node-display x="0" y="1"/>
        <branch basename="b3" source-connector="error">
          <transition target-connector="in1"/>
          <segment>
            <node>
              <join-node/>
              <node-display x="1" y="0"/>
            </node>
            <transition target-connector="in1" target-path="../b4.1"/>
          </segment>
        </branch>
      </node>
      <simple-transition/>
      <node>
        <pipelet-node pipelet-name="Script" pipelet-set-identifier="bc_api">
          <config-property key="ScriptFile" value="Storefront_core:catalog/RemoveFromCompareList.ds"/>
          <config-property key="Transactional" value="false"/>
          <key-binding alias="Product" key="Product"/>
          <key-binding alias="null" key="ScriptLog"/>
          <key-binding alias="Category" key="Category"/>
        </pipelet-node>
        <node-display x="0" y="1"/>
        <branch basename="b4" source-connector="error">
          <transition target-connector="in1"/>
          <segment>
            <node>
              <join-node/>
              <node-display x="1" y="0"/>
            </node>
            <simple-transition>
              <transition-display>
                <bend-point relative-to="source" x="0" y="1"/>
              </transition-display>
            </simple-transition>
            <node>
              <pipelet-node pipelet-name="Eval" pipelet-set-identifier="bc_api">
                <config-property key="OnError" value="null"/>
                <config-property key="Transactional" value="false"/>
                <config-property key="Expression" value="false"/>
                <key-binding alias="Success" key="Result"/>
              </pipelet-node>
              <node-display x="0" y="1"/>
            </node>
            <transition target-connector="in1" target-path="../+1">
              <transition-display>
                <bend-point relative-to="source" x="0" y="2"/>
              </transition-display>
            </transition>
          </segment>
        </branch>
      </node>
      <simple-transition/>
      <node>
        <pipelet-node pipelet-name="Eval" pipelet-set-identifier="bc_api">
          <config-property key="OnError" value="null"/>
          <config-property key="Transactional" value="false"/>
          <config-property key="Expression" value="true"/>
          <key-binding alias="Success" key="Result"/>
        </pipelet-node>
        <node-display x="0" y="1"/>
      </node>
      <transition target-connector="in1" target-path="./+1"/>
    </segment>
    <segment>
      <node>
        <join-node/>
        <node-display x="0" y="1"/>
      </node>
      <simple-transition>
        <transition-display>
          <bend-point relative-to="source" x="0" y="1"/>
        </transition-display>
      </simple-transition>
      <node>
        <interaction-node transaction-required="false">
          <template buffered="true" dynamic="false" name="product/compare/comparejson"/>
        </interaction-node>
        <node-display x="0" y="1"/>
      </node>
    </segment>
  </branch>
  <branch basename="Controls">
    <segment>
      <node>
        <start-node call-mode="public" name="Controls" secure="false"/>
        <node-display x="7" y="2"/>
      </node>
      <simple-transition/>
      <node>
        <pipelet-node pipelet-name="GetCategory" pipelet-set-identifier="bc_api">
          <key-binding alias="CurrentHttpParameterMap.category.value" key="CategoryID"/>
          <key-binding alias="Category" key="Category"/>
        </pipelet-node>
        <node-display x="0" y="1"/>
        <branch basename="b2" source-connector="error">
          <transition target-connector="in1" target-path="./b3.1">
            <transition-display>
              <bend-point relative-to="source" x="2" y="0"/>
            </transition-display>
          </transition>
        </branch>
      </node>
      <simple-transition>
        <transition-display>
          <bend-point relative-to="source" x="0" y="1"/>
        </transition-display>
      </simple-transition>
      <node>
        <pipelet-node pipelet-name="Script" pipelet-set-identifier="bc_api">
          <config-property key="ScriptFile" value="Storefront_core:catalog/GetCompareList.ds"/>
          <config-property key="Transactional" value="false"/>
          <key-binding alias="CurrentHttpParameterMap.category.value" key="SelectedCategory"/>
          <key-binding alias="CompareList" key="CompareList"/>
          <key-binding alias="null" key="ScriptLog"/>
        </pipelet-node>
        <node-display x="0" y="1"/>
        <branch basename="b3" source-connector="error">
          <transition target-connector="in2"/>
          <segment>
            <node>
              <join-node/>
              <node-display x="1" y="0"/>
            </node>
            <transition target-connector="in1" target-path="../+1">
              <transition-display>
                <bend-point relative-to="source" x="0" y="2"/>
              </transition-display>
            </transition>
          </segment>
        </branch>
      </node>
      <transition target-connector="in1" target-path="./+1"/>
    </segment>
    <segment>
      <node>
        <join-node/>
        <node-display x="0" y="1"/>
      </node>
      <simple-transition>
        <transition-display>
          <bend-point relative-to="source" x="0" y="1"/>
        </transition-display>
      </simple-transition>
      <node>
        <interaction-node transaction-required="false">
          <template buffered="true" dynamic="false" name="search/components/productcomparewidget"/>
        </interaction-node>
        <node-display x="0" y="1"/>
      </node>
    </segment>
  </branch>
</pipeline>
