<?xml version="1.0" encoding="UTF-8" ?>
<?demandware-pipeline version="2.0"?>

<pipeline group="Catalog">
  <description>Gift Certificate related workflows</description>
  <branch basename="_ANONYMOUS_BRANCH_1">
    <segment>
      <node>
        <text-node>
          <description>Renders the page to purchase a gift certificate.</description>
        </text-node>
        <node-display x="1" y="1"/>
      </node>
    </segment>
  </branch>
  <branch basename="Purchase">
    <segment>
      <node>
        <start-node name="Purchase" secure="true"/>
        <node-display x="1" y="2"/>
      </node>
      <simple-transition/>
      <node>
        <pipelet-node pipelet-name="ClearFormElement" pipelet-set-identifier="bc_api">
          <key-binding alias="CurrentForms.giftcert" key="FormElement"/>
        </pipelet-node>
        <node-display x="0" y="1"/>
      </node>
      <transition target-connector="in1" target-path="./+1"/>
    </segment>
    <segment>
      <node>
        <join-node/>
        <node-display x="0" y="1"/>
      </node>
      <simple-transition/>
      <node>
        <decision-node condition-key="CurrentHttpParameterMap.from.stringValue || CurrentHttpParameterMap.recipient.stringValue" condition-operator="expr"/>
        <node-display x="0" y="1"/>
        <branch basename="b2" source-connector="yes">
          <transition target-connector="in">
            <transition-display>
              <bend-point relative-to="source" x="0" y="1"/>
            </transition-display>
          </transition>
          <segment>
            <node>
              <pipelet-node custom-name="Initialize the from and recipient since it's coming from an email" pipelet-name="Assign" pipelet-set-identifier="bc_api">
                <key-binding alias="CurrentHttpParameterMap.from.stringValue" key="From_0"/>
                <key-binding alias="CurrentForms.giftcert.purchase.from.value" key="To_0"/>
                <key-binding alias="null" key="From_3"/>
                <key-binding alias="null" key="To_3"/>
                <key-binding alias="null" key="From_4"/>
                <key-binding alias="null" key="To_4"/>
                <key-binding alias="null" key="From_5"/>
                <key-binding alias="null" key="To_5"/>
                <key-binding alias="null" key="From_6"/>
                <key-binding alias="null" key="To_6"/>
                <key-binding alias="null" key="From_7"/>
                <key-binding alias="null" key="To_7"/>
                <key-binding alias="null" key="From_8"/>
                <key-binding alias="null" key="To_8"/>
                <key-binding alias="null" key="From_9"/>
                <key-binding alias="null" key="To_9"/>
                <key-binding alias="CurrentHttpParameterMap.recipient.stringValue" key="From_1"/>
                <key-binding alias="CurrentForms.giftcert.purchase.recipient.value" key="To_1"/>
              </pipelet-node>
              <node-display x="0" y="1"/>
            </node>
            <transition target-connector="in1" target-path="../+1"/>
          </segment>
        </branch>
      </node>
      <transition target-connector="in1" target-path="./+1">
        <transition-display>
          <bend-point relative-to="source" x="1" y="0"/>
          <bend-point relative-to="target" x="1" y="0"/>
        </transition-display>
      </transition>
    </segment>
    <segment>
      <node>
        <join-node/>
        <node-display x="0" y="2"/>
      </node>
      <simple-transition>
        <transition-display>
          <bend-point relative-to="source" x="0" y="1"/>
        </transition-display>
      </simple-transition>
      <node>
        <decision-node condition-key="CurrentCustomer.registered" condition-operator="expr"/>
        <node-display x="0" y="1"/>
        <branch basename="b2" source-connector="yes">
          <transition target-connector="in">
            <transition-display>
              <bend-point relative-to="source" x="0" y="1"/>
            </transition-display>
          </transition>
          <segment>
            <node>
              <pipelet-node custom-name="Initialize the name field with the full name of the current customer" pipelet-name="Assign" pipelet-set-identifier="bc_api">
                <key-binding alias="CurrentCustomer.profile.firstName + &quot; &quot; + CurrentCustomer.profile.lastName" key="From_0"/>
                <key-binding alias="CurrentForms.giftcert.purchase.from.value" key="To_0"/>
                <key-binding alias="null" key="From_1"/>
                <key-binding alias="null" key="To_1"/>
                <key-binding alias="null" key="From_2"/>
                <key-binding alias="null" key="To_2"/>
                <key-binding alias="null" key="From_3"/>
                <key-binding alias="null" key="To_3"/>
                <key-binding alias="null" key="From_4"/>
                <key-binding alias="null" key="To_4"/>
                <key-binding alias="null" key="From_5"/>
                <key-binding alias="null" key="To_5"/>
                <key-binding alias="null" key="From_6"/>
                <key-binding alias="null" key="To_6"/>
                <key-binding alias="null" key="From_7"/>
                <key-binding alias="null" key="To_7"/>
                <key-binding alias="null" key="From_8"/>
                <key-binding alias="null" key="To_8"/>
                <key-binding alias="null" key="From_9"/>
                <key-binding alias="null" key="To_9"/>
              </pipelet-node>
              <node-display x="0" y="1"/>
            </node>
            <transition target-connector="in1" target-path="../+2"/>
          </segment>
        </branch>
      </node>
      <transition target-connector="in1" target-path="./+1">
        <transition-display>
          <bend-point relative-to="source" x="2" y="0"/>
        </transition-display>
      </transition>
    </segment>
    <segment>
      <node>
        <join-node/>
        <node-display x="1" y="2"/>
      </node>
      <transition target-connector="in2" target-path="./+1"/>
    </segment>
    <segment>
      <node>
        <join-node/>
        <node-display x="-1" y="0"/>
      </node>
      <simple-transition/>
      <node>
        <decision-node condition-key="CurrentHttpParameterMap.plid.empty" condition-operator="expr"/>
        <node-display x="0" y="1"/>
        <branch basename="b2" source-connector="yes">
          <transition target-connector="in1" target-path="./+3"/>
        </branch>
      </node>
      <simple-transition/>
      <node>
        <pipelet-node pipelet-name="GetProductList" pipelet-set-identifier="bc_api">
          <config-property key="Create" value="false"/>
          <key-binding alias="null" key="Type"/>
          <key-binding alias="ProductList" key="ProductList"/>
          <key-binding alias="null" key="Customer"/>
          <key-binding alias="CurrentHttpParameterMap.plid.value" key="ProductListID"/>
        </pipelet-node>
        <node-display orientation="horizontal" x="1" y="0"/>
        <branch basename="b3" source-connector="error">
          <transition target-connector="in1" target-path="./+2"/>
        </branch>
      </node>
      <simple-transition>
        <transition-display>
          <bend-point relative-to="source" x="1" y="0"/>
        </transition-display>
      </simple-transition>
      <node>
        <pipelet-node custom-name="Initialize the name field with the full name of the current customer" pipelet-name="Assign" pipelet-set-identifier="bc_api">
          <key-binding alias="ProductList.owner.profile.firstName + &quot; &quot; + ProductList.owner.profile.lastName" key="From_0"/>
          <key-binding alias="CurrentForms.giftcert.purchase.recipient.value" key="To_0"/>
          <key-binding alias="ProductList.owner.profile.email" key="From_1"/>
          <key-binding alias="CurrentForms.giftcert.purchase.recipientEmail.value" key="To_1"/>
          <key-binding alias="ProductList.owner.profile.email" key="From_2"/>
          <key-binding alias="CurrentForms.giftcert.purchase.confirmRecipientEmail.value" key="To_2"/>
          <key-binding alias="CurrentHttpParameterMap.itemid.stringValue" key="From_3"/>
          <key-binding alias="CurrentForms.giftcert.purchase.lineItemId.value" key="To_3"/>
          <key-binding alias="null" key="From_4"/>
          <key-binding alias="null" key="To_4"/>
          <key-binding alias="null" key="From_5"/>
          <key-binding alias="null" key="To_5"/>
          <key-binding alias="null" key="From_6"/>
          <key-binding alias="null" key="To_6"/>
          <key-binding alias="null" key="From_7"/>
          <key-binding alias="null" key="To_7"/>
          <key-binding alias="null" key="From_8"/>
          <key-binding alias="null" key="To_8"/>
          <key-binding alias="null" key="From_9"/>
          <key-binding alias="null" key="To_9"/>
        </pipelet-node>
        <node-display orientation="horizontal" x="1" y="0"/>
      </node>
      <transition target-connector="in1" target-path="./+1">
        <transition-display>
          <bend-point relative-to="source" x="1" y="0"/>
          <bend-point relative-to="target" x="1" y="0"/>
        </transition-display>
      </transition>
    </segment>
    <segment>
      <node>
        <join-node/>
        <node-display x="0" y="1"/>
      </node>
      <transition target-connector="in1" target-path="./+1"/>
    </segment>
    <segment>
      <node>
        <join-node/>
        <node-display x="-1" y="0"/>
      </node>
      <transition target-connector="in1" target-path="./+1"/>
    </segment>
    <segment>
      <node>
        <join-node/>
        <node-display x="-1" y="0"/>
      </node>
      <simple-transition/>
      <node>
        <pipelet-node pipelet-name="Assign" pipelet-set-identifier="bc_api">
          <config-property key="Transactional" value="false"/>
          <key-binding alias="'gc'" key="From_0"/>
          <key-binding alias="bctext1" key="To_0"/>
          <key-binding alias="null" key="From_1"/>
          <key-binding alias="bcurl1" key="To_1"/>
          <key-binding alias="null" key="From_2"/>
          <key-binding alias="null" key="To_2"/>
          <key-binding alias="null" key="From_3"/>
          <key-binding alias="null" key="To_3"/>
          <key-binding alias="null" key="From_4"/>
          <key-binding alias="null" key="To_4"/>
          <key-binding alias="null" key="From_5"/>
          <key-binding alias="null" key="To_5"/>
          <key-binding alias="null" key="From_6"/>
          <key-binding alias="null" key="To_6"/>
          <key-binding alias="null" key="From_7"/>
          <key-binding alias="null" key="To_7"/>
          <key-binding alias="null" key="From_8"/>
          <key-binding alias="null" key="To_8"/>
          <key-binding alias="null" key="From_9"/>
          <key-binding alias="null" key="To_9"/>
        </pipelet-node>
        <node-display x="0" y="1"/>
      </node>
      <simple-transition/>
      <node>
        <interaction-node transaction-required="false">
          <template buffered="true" dynamic="false" name="checkout/giftcert/giftcertpurchase"/>
        </interaction-node>
        <node-display x="0" y="1"/>
      </node>
    </segment>
  </branch>
  <branch basename="_ANONYMOUS_BRANCH_3">
    <segment>
      <node>
        <text-node>
          <description>Parameters
- GiftCertificateLineItemID: UUID of line item for gift certificate to edit in basket.</description>
        </text-node>
        <node-display width="2" x="4" y="1"/>
      </node>
    </segment>
  </branch>
  <branch basename="Edit">
    <segment>
      <node>
        <start-node name="Edit" secure="true"/>
        <node-display x="4" y="2"/>
      </node>
      <simple-transition>
        <transition-display>
          <bend-point relative-to="source" x="0" y="1"/>
        </transition-display>
      </simple-transition>
      <node>
        <call-node start-name-ref="Cart-GetExistingBasket"/>
        <node-display x="0" y="1"/>
        <branch basename="b2" source-connector="error">
          <transition target-connector="in1" target-path="./b3.1">
            <transition-display>
              <bend-point relative-to="target" x="0" y="-1"/>
            </transition-display>
          </transition>
        </branch>
      </node>
      <simple-transition>
        <transition-display>
          <bend-point relative-to="source" x="0" y="1"/>
        </transition-display>
      </simple-transition>
      <node>
        <pipelet-node pipelet-name="Script" pipelet-set-identifier="bc_api">
          <config-property key="Transactional" value="false"/>
          <config-property key="OnError" value="Exception"/>
          <config-property key="ScriptFile" value="Storefront_core:checkout/GetGiftCertLineItem.ds"/>
          <key-binding alias="null" key="ScriptLog"/>
          <key-binding alias="Basket" key="Basket"/>
          <key-binding alias="GiftCertificateLineItem" key="GiftCertificateLineItem"/>
          <key-binding alias="CurrentHttpParameterMap.GiftCertificateLineItemID.value" key="GiftCertificateLineItemID"/>
        </pipelet-node>
        <node-display x="0" y="1"/>
        <branch basename="b3" source-connector="error">
          <transition target-connector="in1"/>
          <segment>
            <node>
              <join-node/>
              <node-display x="1" y="0"/>
            </node>
            <simple-transition>
              <transition-display>
                <bend-point relative-to="source" x="1" y="0"/>
              </transition-display>
            </simple-transition>
            <node>
              <jump-node start-name-ref="GiftCert-Purchase"/>
              <node-display orientation="horizontal" x="1" y="0"/>
            </node>
          </segment>
        </branch>
      </node>
      <simple-transition>
        <transition-display>
          <bend-point relative-to="source" x="0" y="1"/>
        </transition-display>
      </simple-transition>
      <node>
        <pipelet-node pipelet-name="ClearFormElement" pipelet-set-identifier="bc_api">
          <key-binding alias="CurrentForms.giftcert" key="FormElement"/>
        </pipelet-node>
        <node-display x="0" y="1"/>
      </node>
      <simple-transition>
        <transition-display>
          <bend-point relative-to="source" x="0" y="1"/>
        </transition-display>
      </simple-transition>
      <node>
        <pipelet-node pipelet-name="Assign" pipelet-set-identifier="bc_api">
          <config-property key="Transactional" value="false"/>
          <key-binding alias="GiftCertificateLineItem.UUID" key="From_0"/>
          <key-binding alias="CurrentForms.giftcert.purchase.lineItemId.value" key="To_0"/>
          <key-binding alias="GiftCertificateLineItem.senderName" key="From_1"/>
          <key-binding alias="CurrentForms.giftcert.purchase.from.value" key="To_1"/>
          <key-binding alias="GiftCertificateLineItem.recipientName" key="From_2"/>
          <key-binding alias="CurrentForms.giftcert.purchase.recipient.value" key="To_2"/>
          <key-binding alias="GiftCertificateLineItem.recipientEmail" key="From_3"/>
          <key-binding alias="CurrentForms.giftcert.purchase.recipientEmail.value" key="To_3"/>
          <key-binding alias="GiftCertificateLineItem.recipientEmail" key="From_4"/>
          <key-binding alias="CurrentForms.giftcert.purchase.confirmRecipientEmail.value" key="To_4"/>
          <key-binding alias="GiftCertificateLineItem.message" key="From_5"/>
          <key-binding alias="null" key="From_7"/>
          <key-binding alias="null" key="To_7"/>
          <key-binding alias="null" key="From_8"/>
          <key-binding alias="null" key="To_8"/>
          <key-binding alias="null" key="From_9"/>
          <key-binding alias="null" key="To_9"/>
          <key-binding alias="CurrentForms.giftcert.purchase.message.value" key="To_5"/>
          <key-binding alias="CurrentForms.giftcert.purchase.amount.value" key="To_6"/>
          <key-binding alias="GiftCertificateLineItem.price.value" key="From_6"/>
        </pipelet-node>
        <node-display x="0" y="1"/>
      </node>
      <simple-transition/>
      <node>
        <interaction-node transaction-required="false">
          <template buffered="true" dynamic="false" name="checkout/giftcert/giftcertpurchase"/>
        </interaction-node>
        <node-display x="0" y="1"/>
      </node>
    </segment>
  </branch>
  <branch basename="_ANONYMOUS_BRANCH_5">
    <segment>
      <node>
        <text-node>
          <description>Returns the details of a gift certificate as JSON in order to check the current balance.</description>
        </text-node>
        <node-display x="8" y="1"/>
      </node>
    </segment>
  </branch>
  <branch basename="_ANONYMOUS_BRANCH_6">
    <segment>
      <node>
        <text-node>
          <description>Parameters
- post of giftcert.purchase</description>
        </text-node>
        <node-display x="11" y="1"/>
      </node>
    </segment>
  </branch>
  <branch basename="CheckBalance">
    <segment>
      <node>
        <start-node name="CheckBalance" secure="true"/>
        <node-display x="8" y="2"/>
      </node>
      <simple-transition/>
      <node>
        <decision-node condition-key="CurrentHttpParameterMap.dwfrm_giftcert_balance_giftCertID.value  != null &amp;&amp; CurrentHttpParameterMap.dwfrm_giftcert_balance_giftCertID.stringValue != ''" condition-operator="expr"/>
        <node-display x="0" y="1"/>
        <branch basename="b2" source-connector="yes">
          <transition target-connector="in"/>
          <segment>
            <node>
              <pipelet-node pipelet-name="GetGiftCertificate" pipelet-set-identifier="bc_api">
                <key-binding alias="GiftCertificate" key="GiftCertificate"/>
                <key-binding alias="empty(CurrentHttpParameterMap.giftCertID.stringValue) ? CurrentHttpParameterMap.dwfrm_giftcert_balance_giftCertID.stringValue : CurrentHttpParameterMap.giftCertID.stringValue" key="GiftCertificateID"/>
              </pipelet-node>
              <node-display x="0" y="1"/>
              <branch basename="b2" source-connector="error">
                <transition target-connector="in">
                  <transition-display>
                    <bend-point relative-to="source" x="2" y="0"/>
                  </transition-display>
                </transition>
                <segment>
                  <node>
                    <pipelet-node pipelet-name="Assign" pipelet-set-identifier="bc_api">
                      <config-property key="Transactional" value="false"/>
                      <key-binding alias="dw.web.Resource.msg('giftcertpurchase.checkinvalid','checkout',null)" key="From_0"/>
                      <key-binding alias="ErrorMsg" key="To_0"/>
                      <key-binding alias="null" key="From_1"/>
                      <key-binding alias="null" key="To_1"/>
                      <key-binding alias="null" key="From_2"/>
                      <key-binding alias="null" key="To_2"/>
                      <key-binding alias="null" key="From_3"/>
                      <key-binding alias="null" key="To_3"/>
                      <key-binding alias="null" key="From_4"/>
                      <key-binding alias="null" key="To_4"/>
                      <key-binding alias="null" key="From_5"/>
                      <key-binding alias="null" key="To_5"/>
                      <key-binding alias="null" key="From_6"/>
                      <key-binding alias="null" key="To_6"/>
                      <key-binding alias="null" key="From_7"/>
                      <key-binding alias="null" key="To_7"/>
                      <key-binding alias="null" key="From_8"/>
                      <key-binding alias="null" key="To_8"/>
                      <key-binding alias="null" key="From_9"/>
                      <key-binding alias="null" key="To_9"/>
                    </pipelet-node>
                    <node-display x="1" y="1"/>
                  </node>
                  <transition target-connector="in1" target-path="../../+3"/>
                </segment>
              </branch>
            </node>
            <transition target-connector="in1" target-path="../+4"/>
          </segment>
        </branch>
      </node>
      <transition target-connector="in1" target-path="./+1"/>
    </segment>
    <segment>
      <node>
        <join-node/>
        <node-display x="2" y="0"/>
      </node>
      <simple-transition/>
      <node>
        <pipelet-node pipelet-name="Assign" pipelet-set-identifier="bc_api">
          <config-property key="Transactional" value="false"/>
          <key-binding alias="null" key="From_0"/>
          <key-binding alias="ErrorMsg" key="To_0"/>
          <key-binding alias="null" key="From_1"/>
          <key-binding alias="null" key="To_1"/>
          <key-binding alias="null" key="From_2"/>
          <key-binding alias="null" key="To_2"/>
          <key-binding alias="null" key="From_3"/>
          <key-binding alias="null" key="To_3"/>
          <key-binding alias="null" key="From_4"/>
          <key-binding alias="null" key="To_4"/>
          <key-binding alias="null" key="From_5"/>
          <key-binding alias="null" key="To_5"/>
          <key-binding alias="null" key="From_6"/>
          <key-binding alias="null" key="To_6"/>
          <key-binding alias="null" key="From_7"/>
          <key-binding alias="null" key="To_7"/>
          <key-binding alias="null" key="From_8"/>
          <key-binding alias="null" key="To_8"/>
          <key-binding alias="null" key="From_9"/>
          <key-binding alias="null" key="To_9"/>
        </pipelet-node>
        <node-display x="0" y="2"/>
      </node>
      <transition target-connector="in1" target-path="./+1"/>
    </segment>
    <segment>
      <node>
        <join-node/>
        <node-display x="0" y="1"/>
      </node>
      <transition target-connector="in1" target-path="./+1"/>
    </segment>
    <segment>
      <node>
        <join-node/>
        <node-display x="-1" y="0"/>
      </node>
      <transition target-connector="in1" target-path="./+1"/>
    </segment>
    <segment>
      <node>
        <join-node/>
        <node-display x="-1" y="0"/>
      </node>
      <simple-transition/>
      <node>
        <decision-node condition-key="CurrentHttpParameterMap.format.stringValue == 'ajax'" condition-operator="expr"/>
        <node-display x="0" y="1"/>
        <branch basename="b2" source-connector="yes">
          <transition target-connector="in">
            <transition-display>
              <bend-point relative-to="source" x="0" y="1"/>
            </transition-display>
          </transition>
          <segment>
            <node>
              <interaction-node transaction-required="false">
                <template buffered="true" dynamic="false" name="checkout/giftcert/giftcertdetailsjson"/>
              </interaction-node>
              <node-display x="0" y="1"/>
            </node>
          </segment>
        </branch>
      </node>
      <simple-transition>
        <transition-display>
          <bend-point relative-to="source" x="2" y="0"/>
          <bend-point relative-to="target" x="0" y="-1"/>
        </transition-display>
      </simple-transition>
      <node>
        <jump-node start-name-ref="GiftCert-PurchaseError"/>
        <node-display x="1" y="1"/>
      </node>
    </segment>
  </branch>
  <branch basename="AddToBasket">
    <segment>
      <node>
        <start-node name="AddToBasket" secure="true"/>
        <node-display x="11" y="2"/>
      </node>
      <simple-transition>
        <transition-display>
          <bend-point relative-to="source" x="0" y="1"/>
        </transition-display>
      </simple-transition>
      <node>
        <pipelet-node pipelet-name="Eval" pipelet-set-identifier="bc_api">
          <config-property key="OnError" value="null"/>
          <config-property key="Transactional" value="false"/>
          <config-property key="Expression" value="false"/>
          <key-binding alias="Updating" key="Result"/>
        </pipelet-node>
        <node-display x="0" y="1"/>
      </node>
      <transition target-connector="in1" target-path="./+1"/>
    </segment>
    <segment>
      <node>
        <join-node/>
        <node-display x="0" y="1"/>
      </node>
      <simple-transition/>
      <node>
        <pipelet-node pipelet-name="Script" pipelet-set-identifier="bc_api">
          <config-property key="Transactional" value="false"/>
          <config-property key="OnError" value="Exception"/>
          <config-property key="ScriptFile" value="Storefront_core:checkout/ValidateGiftCertPurchaseForm.ds"/>
          <key-binding alias="null" key="ScriptLog"/>
          <key-binding alias="CurrentForms.giftcert.purchase" key="Form"/>
          <key-binding alias="FormErrors" key="FormErrors"/>
        </pipelet-node>
        <node-display x="0" y="1"/>
        <branch basename="b2" source-connector="error">
          <transition target-connector="in1" target-path="./b3.2">
            <transition-display>
              <bend-point relative-to="source" x="4" y="0"/>
            </transition-display>
          </transition>
        </branch>
      </node>
      <simple-transition>
        <transition-display>
          <bend-point relative-to="source" x="0" y="1"/>
        </transition-display>
      </simple-transition>
      <node>
        <call-node start-name-ref="Cart-GetBasket"/>
        <node-display x="0" y="1"/>
        <branch basename="b3" source-connector="error">
          <transition target-connector="in">
            <transition-display>
              <bend-point relative-to="target" x="-1" y="0"/>
            </transition-display>
          </transition>
          <segment>
            <node>
              <pipelet-node pipelet-name="Assign" pipelet-set-identifier="bc_api">
                <config-property key="Transactional" value="false"/>
                <key-binding alias="dw.web.Resource.msg('checkout.giftcert.error.internal', 'checkout', null)" key="From_0"/>
                <key-binding alias="GeneralError" key="To_0"/>
                <key-binding alias="null" key="From_1"/>
                <key-binding alias="null" key="To_1"/>
                <key-binding alias="null" key="From_2"/>
                <key-binding alias="null" key="To_2"/>
                <key-binding alias="null" key="From_3"/>
                <key-binding alias="null" key="To_3"/>
                <key-binding alias="null" key="From_4"/>
                <key-binding alias="null" key="To_4"/>
                <key-binding alias="null" key="From_5"/>
                <key-binding alias="null" key="To_5"/>
                <key-binding alias="null" key="From_6"/>
                <key-binding alias="null" key="To_6"/>
                <key-binding alias="null" key="From_7"/>
                <key-binding alias="null" key="To_7"/>
                <key-binding alias="null" key="From_8"/>
                <key-binding alias="null" key="To_8"/>
                <key-binding alias="null" key="From_9"/>
                <key-binding alias="null" key="To_9"/>
              </pipelet-node>
              <node-display orientation="horizontal" x="1" y="1"/>
            </node>
            <transition target-connector="in1" target-path="./+1"/>
          </segment>
          <segment>
            <node>
              <join-node/>
              <node-display x="1" y="0"/>
            </node>
            <transition target-connector="in1" target-path="../b5.1"/>
          </segment>
        </branch>
      </node>
      <simple-transition/>
      <node>
        <decision-node condition-key="Updating" condition-operator="expr"/>
        <node-display x="0" y="2"/>
        <branch basename="b4" source-connector="yes">
          <transition target-connector="in">
            <transition-display>
              <bend-point relative-to="source" x="0" y="1"/>
            </transition-display>
          </transition>
          <segment>
            <node>
              <call-node start-name-ref="GiftCert-UpdateGC"/>
              <node-display x="0" y="1"/>
              <branch basename="b2" source-connector="error">
                <transition target-connector="in1" target-path="../b5.1"/>
              </branch>
            </node>
            <transition target-connector="in1" target-path="../+1"/>
          </segment>
        </branch>
      </node>
      <simple-transition>
        <transition-display>
          <bend-point relative-to="source" x="2" y="0"/>
          <bend-point relative-to="target" x="0" y="-1"/>
        </transition-display>
      </simple-transition>
      <node>
        <call-node start-name-ref="GiftCert-CreateGC"/>
        <node-display x="1" y="1"/>
        <branch basename="b5" source-connector="error">
          <transition target-connector="in1"/>
          <segment>
            <node>
              <join-node/>
              <node-display x="1" y="1"/>
            </node>
            <transition target-connector="in1" target-path="./+1"/>
          </segment>
          <segment>
            <node>
              <join-node/>
              <node-display x="1" y="1"/>
            </node>
            <simple-transition>
              <transition-display>
                <bend-point relative-to="source" x="0" y="1"/>
              </transition-display>
            </simple-transition>
            <node>
              <decision-node condition-key="CurrentHttpParameterMap.format.stringValue == 'ajax'" condition-operator="expr"/>
              <node-display x="0" y="1"/>
              <branch basename="b2" source-connector="yes">
                <transition target-connector="in">
                  <transition-display>
                    <bend-point relative-to="source" x="0" y="1"/>
                  </transition-display>
                </transition>
                <segment>
                  <node>
                    <interaction-node transaction-required="false">
                      <template buffered="true" dynamic="false" name="checkout/giftcert/giftcertaddtobasketjson"/>
                    </interaction-node>
                    <node-display x="0" y="1"/>
                  </node>
                </segment>
              </branch>
            </node>
            <simple-transition>
              <transition-display>
                <bend-point relative-to="target" x="0" y="-2"/>
                <bend-point relative-to="target" x="0" y="-1"/>
              </transition-display>
            </simple-transition>
            <node>
              <jump-node start-name-ref="GiftCert-PurchaseError"/>
              <node-display x="2" y="1"/>
            </node>
          </segment>
        </branch>
      </node>
      <transition target-connector="in1" target-path="./+1"/>
    </segment>
    <segment>
      <node>
        <join-node/>
        <node-display x="-1" y="1"/>
      </node>
      <simple-transition/>
      <node>
        <call-node start-name-ref="Cart-Calculate"/>
        <node-display x="0" y="1"/>
      </node>
      <simple-transition/>
      <node>
        <decision-node condition-key="CurrentHttpParameterMap.format.stringValue == 'ajax'" condition-operator="expr"/>
        <node-display x="0" y="1"/>
        <branch basename="b2" source-connector="yes">
          <transition target-connector="in">
            <transition-display>
              <bend-point relative-to="source" x="0" y="1"/>
            </transition-display>
          </transition>
          <segment>
            <node>
              <interaction-node transaction-required="false">
                <template buffered="true" dynamic="false" name="checkout/giftcert/giftcertaddtobasketjson"/>
              </interaction-node>
              <node-display x="0" y="1"/>
            </node>
          </segment>
        </branch>
      </node>
      <simple-transition>
        <transition-display>
          <bend-point relative-to="source" x="2" y="0"/>
          <bend-point relative-to="target" x="0" y="-1"/>
        </transition-display>
      </simple-transition>
      <node>
        <jump-node start-name-ref="Cart-Show"/>
        <node-display x="1" y="2"/>
      </node>
    </segment>
  </branch>
  <branch basename="_ANONYMOUS_BRANCH_9">
    <segment>
      <node>
        <text-node>
          <description>Parameters
- post of giftcert.purchase</description>
        </text-node>
        <node-display x="13" y="1"/>
      </node>
    </segment>
  </branch>
  <branch basename="Update">
    <segment>
      <node>
        <start-node name="Update" secure="true"/>
        <node-display x="13" y="2"/>
      </node>
      <simple-transition>
        <transition-display>
          <bend-point relative-to="source" x="0" y="1"/>
        </transition-display>
      </simple-transition>
      <node>
        <pipelet-node pipelet-name="Eval" pipelet-set-identifier="bc_api">
          <config-property key="OnError" value="null"/>
          <config-property key="Transactional" value="false"/>
          <config-property key="Expression" value="true"/>
          <key-binding alias="Updating" key="Result"/>
        </pipelet-node>
        <node-display x="0" y="1"/>
      </node>
      <transition target-connector="in1" target-path="/AddToBasket.2">
        <transition-display>
          <bend-point relative-to="source" x="0" y="2"/>
        </transition-display>
      </transition>
    </segment>
  </branch>
  <branch basename="PurchaseError">
    <segment>
      <node>
        <start-node name="PurchaseError" secure="true"/>
        <node-display orientation="horizontal" x="0" y="4"/>
      </node>
      <transition target-connector="in2" target-path="/Purchase.2"/>
    </segment>
  </branch>
  <branch basename="_ANONYMOUS_BRANCH_12">
    <segment>
      <node>
        <text-node>
          <description>Parameters
- lineItemID: gift certificate line item UUID</description>
        </text-node>
        <node-display width="2" x="1" y="15"/>
      </node>
    </segment>
  </branch>
  <branch basename="_ANONYMOUS_BRANCH_13">
    <segment>
      <node>
        <text-node>
          <description>Creates a gift certificate in the customer basket using form input values.  The form must be valid before calling this pipeline.</description>
        </text-node>
        <node-display x="4" y="15"/>
      </node>
    </segment>
  </branch>
  <branch basename="_ANONYMOUS_BRANCH_14">
    <segment>
      <node>
        <text-node>
          <description>Updates a gift certificate in the customer basket using form input values.  The form must be valid before calling this pipeline.</description>
        </text-node>
        <node-display width="2" x="7" y="15"/>
      </node>
    </segment>
  </branch>
  <branch basename="ShowMiniCart">
    <segment>
      <node>
        <start-node name="ShowMiniCart" secure="false"/>
        <node-display x="1" y="16"/>
      </node>
      <simple-transition>
        <transition-display>
          <bend-point relative-to="source" x="0" y="1"/>
        </transition-display>
      </simple-transition>
      <node>
        <call-node start-name-ref="Cart-GetExistingBasket"/>
        <node-display x="0" y="1"/>
        <branch basename="b2" source-connector="error">
          <transition target-connector="in2" target-path="./b3.1">
            <transition-display>
              <bend-point relative-to="target" x="0" y="-1"/>
            </transition-display>
          </transition>
        </branch>
      </node>
      <simple-transition>
        <transition-display>
          <bend-point relative-to="source" x="0" y="1"/>
        </transition-display>
      </simple-transition>
      <node>
        <pipelet-node pipelet-name="Script" pipelet-set-identifier="bc_api">
          <config-property key="Transactional" value="false"/>
          <config-property key="OnError" value="Exception"/>
          <config-property key="ScriptFile" value="Storefront_core:checkout/GetGiftCertLineItem.ds"/>
          <key-binding alias="null" key="ScriptLog"/>
          <key-binding alias="Basket" key="Basket"/>
          <key-binding alias="GiftCertificateLineItem" key="GiftCertificateLineItem"/>
          <key-binding alias="CurrentHttpParameterMap.lineItemId.value" key="GiftCertificateLineItemID"/>
        </pipelet-node>
        <node-display x="0" y="1"/>
        <branch basename="b3" source-connector="error">
          <transition target-connector="in1"/>
          <segment>
            <node>
              <join-node/>
              <node-display x="1" y="0"/>
            </node>
            <simple-transition/>
            <node>
              <end-node/>
              <node-display x="0" y="1"/>
            </node>
          </segment>
        </branch>
      </node>
      <simple-transition>
        <transition-display>
          <bend-point relative-to="source" x="0" y="1"/>
        </transition-display>
      </simple-transition>
      <node>
        <interaction-node transaction-required="false">
          <template buffered="true" dynamic="false" name="checkout/cart/minicart"/>
        </interaction-node>
        <node-display x="0" y="1"/>
      </node>
    </segment>
  </branch>
  <branch basename="CreateGC">
    <segment>
      <node>
        <start-node call-mode="private" name="CreateGC" secure="false"/>
        <node-display x="4" y="16"/>
      </node>
      <simple-transition/>
      <node>
        <decision-node condition-key="CurrentHttpParameterMap.plid.stringValue" condition-operator="expr"/>
        <node-display x="0" y="1"/>
        <branch basename="b2" source-connector="yes">
          <transition target-connector="in"/>
          <segment>
            <node>
              <pipelet-node custom-name="Set productListId and itemId" pipelet-name="Assign" pipelet-set-identifier="bc_api">
                <config-property key="Transactional" value="false"/>
                <key-binding alias="CurrentHttpParameterMap.plid.stringValue" key="From_0"/>
                <key-binding alias="productListId" key="To_0"/>
                <key-binding alias="CurrentForms.giftcert.purchase.lineItemId.value" key="From_1"/>
                <key-binding alias="listItemId" key="To_1"/>
                <key-binding alias="null" key="From_2"/>
                <key-binding alias="null" key="To_2"/>
                <key-binding alias="null" key="From_3"/>
                <key-binding alias="null" key="To_3"/>
                <key-binding alias="null" key="From_4"/>
                <key-binding alias="null" key="To_4"/>
                <key-binding alias="null" key="From_5"/>
                <key-binding alias="null" key="To_5"/>
                <key-binding alias="null" key="From_6"/>
                <key-binding alias="null" key="To_6"/>
                <key-binding alias="null" key="From_7"/>
                <key-binding alias="null" key="To_7"/>
                <key-binding alias="null" key="From_8"/>
                <key-binding alias="null" key="To_8"/>
                <key-binding alias="null" key="From_9"/>
                <key-binding alias="null" key="To_9"/>
              </pipelet-node>
              <node-display x="0" y="1"/>
            </node>
            <simple-transition/>
            <node>
              <call-node start-name-ref="ProductList-Init"/>
              <node-display x="0" y="1"/>
            </node>
            <transition target-connector="in1" target-path="../+1"/>
          </segment>
        </branch>
      </node>
      <transition target-connector="in1" target-path="./+1">
        <transition-display>
          <bend-point relative-to="source" x="2" y="0"/>
          <bend-point relative-to="target" x="2" y="0"/>
        </transition-display>
      </transition>
    </segment>
    <segment>
      <node>
        <join-node/>
        <node-display x="0" y="3"/>
      </node>
      <simple-transition/>
      <node>
        <pipelet-node pipelet-name="AddGiftCertificateToBasket" pipelet-set-identifier="bc_api">
          <key-binding alias="GiftCertificateLineItem" key="GiftCertificateLineItem"/>
          <key-binding alias="CurrentForms.giftcert.purchase.amount.value" key="Amount"/>
          <key-binding alias="Basket" key="Basket"/>
          <key-binding alias="CurrentForms.giftcert.purchase.recipientEmail.value" key="RecipientEmail"/>
          <key-binding alias="CurrentForms.giftcert.purchase.recipient.value" key="RecipientName"/>
          <key-binding alias="CurrentForms.giftcert.purchase.from.value" key="SenderName"/>
          <key-binding alias="CurrentForms.giftcert.purchase.message.value" key="Message"/>
          <key-binding alias="ProductListItem" key="ProductListItem"/>
          <key-binding alias="Shipment" key="Shipment"/>
        </pipelet-node>
        <node-display x="0" y="1"/>
        <branch basename="b2" source-connector="error">
          <transition target-connector="in">
            <transition-display>
              <bend-point relative-to="source" x="1" y="0"/>
            </transition-display>
          </transition>
          <segment>
            <node>
              <pipelet-node pipelet-name="Assign" pipelet-set-identifier="bc_api">
                <config-property key="Transactional" value="false"/>
                <key-binding alias="dw.web.Resource.msg('checkout.giftcert.error.internal', 'checkout', null)" key="From_0"/>
                <key-binding alias="GeneralError" key="To_0"/>
                <key-binding alias="null" key="From_1"/>
                <key-binding alias="null" key="To_1"/>
                <key-binding alias="null" key="From_2"/>
                <key-binding alias="null" key="To_2"/>
                <key-binding alias="null" key="From_3"/>
                <key-binding alias="null" key="To_3"/>
                <key-binding alias="null" key="From_4"/>
                <key-binding alias="null" key="To_4"/>
                <key-binding alias="null" key="From_5"/>
                <key-binding alias="null" key="To_5"/>
                <key-binding alias="null" key="From_6"/>
                <key-binding alias="null" key="To_6"/>
                <key-binding alias="null" key="From_7"/>
                <key-binding alias="null" key="To_7"/>
                <key-binding alias="null" key="From_8"/>
                <key-binding alias="null" key="To_8"/>
                <key-binding alias="null" key="From_9"/>
                <key-binding alias="null" key="To_9"/>
              </pipelet-node>
              <node-display orientation="horizontal" x="1" y="0"/>
            </node>
            <simple-transition>
              <transition-display>
                <bend-point relative-to="source" x="1" y="0"/>
              </transition-display>
            </simple-transition>
            <node>
              <end-node name="error"/>
              <node-display orientation="horizontal" x="1" y="0"/>
            </node>
          </segment>
        </branch>
      </node>
      <simple-transition>
        <transition-display>
          <bend-point relative-to="source" x="0" y="1"/>
        </transition-display>
      </simple-transition>
      <node>
        <end-node/>
        <node-display x="0" y="1"/>
      </node>
    </segment>
  </branch>
  <branch basename="UpdateGC">
    <segment>
      <node>
        <start-node call-mode="private" name="UpdateGC" secure="false"/>
        <node-display x="7" y="16"/>
      </node>
      <simple-transition/>
      <node>
        <pipelet-node pipelet-name="Script" pipelet-set-identifier="bc_api">
          <config-property key="Transactional" value="false"/>
          <config-property key="OnError" value="Exception"/>
          <config-property key="ScriptFile" value="Storefront_core:checkout/GetGiftCertLineItem.ds"/>
          <key-binding alias="null" key="ScriptLog"/>
          <key-binding alias="Basket" key="Basket"/>
          <key-binding alias="GiftCertificateLineItem" key="GiftCertificateLineItem"/>
          <key-binding alias="CurrentForms.giftcert.purchase.lineItemId.value" key="GiftCertificateLineItemID"/>
        </pipelet-node>
        <node-display x="0" y="1"/>
        <branch basename="b2" source-connector="error">
          <transition target-connector="in">
            <transition-display>
              <bend-point relative-to="source" x="2" y="0"/>
              <bend-point relative-to="target" x="0" y="-1"/>
            </transition-display>
          </transition>
          <segment>
            <node>
              <pipelet-node pipelet-name="Assign" pipelet-set-identifier="bc_api">
                <config-property key="Transactional" value="false"/>
                <key-binding alias="dw.web.Resource.msg('checkout.giftcert.error.internal', 'checkout', null)" key="From_0"/>
                <key-binding alias="GeneralError" key="To_0"/>
                <key-binding alias="null" key="From_1"/>
                <key-binding alias="null" key="To_1"/>
                <key-binding alias="null" key="From_2"/>
                <key-binding alias="null" key="To_2"/>
                <key-binding alias="null" key="From_3"/>
                <key-binding alias="null" key="To_3"/>
                <key-binding alias="null" key="From_4"/>
                <key-binding alias="null" key="To_4"/>
                <key-binding alias="null" key="From_5"/>
                <key-binding alias="null" key="To_5"/>
                <key-binding alias="null" key="From_6"/>
                <key-binding alias="null" key="To_6"/>
                <key-binding alias="null" key="From_7"/>
                <key-binding alias="null" key="To_7"/>
                <key-binding alias="null" key="From_8"/>
                <key-binding alias="null" key="To_8"/>
                <key-binding alias="null" key="From_9"/>
                <key-binding alias="null" key="To_9"/>
              </pipelet-node>
              <node-display x="1" y="1"/>
            </node>
            <simple-transition>
              <transition-display>
                <bend-point relative-to="source" x="0" y="1"/>
              </transition-display>
            </simple-transition>
            <node>
              <end-node name="error"/>
              <node-display x="0" y="1"/>
            </node>
          </segment>
        </branch>
      </node>
      <simple-transition/>
      <node>
        <pipelet-node pipelet-name="Assign" pipelet-set-identifier="bc_api">
          <config-property key="Transactional" value="true"/>
          <key-binding alias="CurrentForms.giftcert.purchase.from.value" key="From_0"/>
          <key-binding alias="GiftCertificateLineItem.senderName" key="To_0"/>
          <key-binding alias="CurrentForms.giftcert.purchase.recipient.value" key="From_1"/>
          <key-binding alias="GiftCertificateLineItem.recipientName" key="To_1"/>
          <key-binding alias="CurrentForms.giftcert.purchase.recipientEmail.value" key="From_2"/>
          <key-binding alias="GiftCertificateLineItem.recipientEmail" key="To_2"/>
          <key-binding alias="CurrentForms.giftcert.purchase.message.value" key="From_3"/>
          <key-binding alias="GiftCertificateLineItem.message" key="To_3"/>
          <key-binding alias="new dw.value.Money(CurrentForms.giftcert.purchase.amount.value, GiftCertificateLineItem.basePrice.currencyCode)" key="From_4"/>
          <key-binding alias="GiftCertificateLineItem.basePrice" key="To_4"/>
          <key-binding alias="new dw.value.Money(CurrentForms.giftcert.purchase.amount.value, GiftCertificateLineItem.netPrice.currencyCode)" key="From_5"/>
          <key-binding alias="GiftCertificateLineItem.grossPrice" key="To_5"/>
          <key-binding alias="new dw.value.Money(CurrentForms.giftcert.purchase.amount.value, GiftCertificateLineItem.grossPrice.currencyCode)" key="From_6"/>
          <key-binding alias="GiftCertificateLineItem.netPrice" key="To_6"/>
          <key-binding alias="null" key="From_7"/>
          <key-binding alias="null" key="To_7"/>
          <key-binding alias="null" key="From_8"/>
          <key-binding alias="null" key="To_8"/>
          <key-binding alias="null" key="From_9"/>
          <key-binding alias="null" key="To_9"/>
        </pipelet-node>
        <node-display x="0" y="1"/>
      </node>
      <simple-transition/>
      <node>
        <end-node/>
        <node-display x="0" y="1"/>
      </node>
    </segment>
  </branch>
</pipeline>
