<?xml version="1.0" encoding="UTF-8" ?>
<?demandware-pipeline version="2.0"?>

<pipeline group="MyAccount">
  <description>Displays credit card information and other payment related information and lets the user change it.</description>
  <branch basename="_ANONYMOUS_BRANCH_1">
    <segment>
      <node>
        <text-node>
          <description>Renders a list of the saved credit card payment instruments of the current customer.</description>
        </text-node>
        <node-display x="1" y="1"/>
      </node>
    </segment>
  </branch>
  <branch basename="List">
    <segment>
      <node>
        <start-node name="List" secure="true"/>
        <node-display x="1" y="2"/>
      </node>
      <simple-transition/>
      <node>
        <pipelet-node pipelet-name="Assign" pipelet-set-identifier="bc_api">
          <config-property key="Transactional" value="false"/>
          <key-binding alias="&quot;PaymentInstruments-List&quot;" key="From_0"/>
          <key-binding alias="TargetPipeline" key="To_0"/>
          <key-binding alias="null" key="From_1"/>
          <key-binding alias="null" key="To_1"/>
          <key-binding alias="null" key="From_2"/>
          <key-binding alias="null" key="To_2"/>
          <key-binding alias="null" key="From_3"/>
          <key-binding alias="null" key="To_3"/>
          <key-binding alias="null" key="From_4"/>
          <key-binding alias="null" key="To_4"/>
          <key-binding alias="null" key="From_5"/>
          <key-binding alias="null" key="To_5"/>
          <key-binding alias="null" key="From_6"/>
          <key-binding alias="null" key="To_6"/>
          <key-binding alias="null" key="From_7"/>
          <key-binding alias="null" key="To_7"/>
          <key-binding alias="null" key="From_8"/>
          <key-binding alias="null" key="To_8"/>
          <key-binding alias="null" key="From_9"/>
          <key-binding alias="null" key="To_9"/>
        </pipelet-node>
        <node-display x="0" y="1"/>
      </node>
      <simple-transition/>
      <node>
        <call-node start-name-ref="Account-RequireLogin"/>
        <node-display x="0" y="1"/>
      </node>
      <simple-transition>
        <transition-display>
          <bend-point relative-to="source" x="0" y="1"/>
        </transition-display>
      </simple-transition>
      <node>
        <pipelet-node pipelet-name="GetCustomerPaymentInstruments" pipelet-set-identifier="bc_api">
          <key-binding alias="PaymentInstruments" key="PaymentInstruments"/>
          <key-binding alias="dw.order.PaymentInstrument.METHOD_CREDIT_CARD" key="PaymentMethod"/>
          <key-binding alias="CurrentCustomer" key="Customer"/>
        </pipelet-node>
        <node-display x="0" y="1"/>
      </node>
      <simple-transition>
        <transition-display>
          <bend-point relative-to="source" x="0" y="1"/>
        </transition-display>
      </simple-transition>
      <node>
        <pipelet-node custom-name="Clear Form - paymentinstruments" pipelet-name="ClearFormElement" pipelet-set-identifier="bc_api">
          <key-binding alias="CurrentForms.paymentinstruments" key="FormElement"/>
        </pipelet-node>
        <node-display x="0" y="1"/>
      </node>
      <simple-transition>
        <transition-display>
          <bend-point relative-to="source" x="0" y="1"/>
        </transition-display>
      </simple-transition>
      <node>
        <pipelet-node custom-name="UpdateFormWithObject (CreditCards)" pipelet-name="UpdateFormWithObject" pipelet-set-identifier="bc_api">
          <key-binding alias="CurrentForms.paymentinstruments.creditcards.storedcards" key="Form"/>
          <key-binding alias="PaymentInstruments" key="Object"/>
        </pipelet-node>
        <node-display x="0" y="1"/>
      </node>
      <simple-transition/>
      <node>
        <pipelet-node pipelet-name="UpdatePageMetaData" pipelet-set-identifier="bc_api">
          <key-binding alias="null" key="DefaultKeywords"/>
          <key-binding alias="null" key="DefaultDescription"/>
          <key-binding alias="null" key="Product"/>
          <key-binding alias="null" key="Category"/>
          <key-binding alias="dw.content.ContentMgr.getContent(&quot;myaccount-paymentsettings&quot;)" key="Content"/>
        </pipelet-node>
        <node-display x="0" y="1"/>
      </node>
      <simple-transition/>
      <node>
        <interaction-node transaction-required="false">
          <template buffered="true" dynamic="false" name="account/payment/paymentinstrumentlist"/>
        </interaction-node>
        <node-display x="0" y="1"/>
      </node>
    </segment>
  </branch>
  <branch basename="_ANONYMOUS_BRANCH_3">
    <segment>
      <node>
        <text-node>
          <description>Provides functionality to add a new credit card payment instrument to the saved payment instruments of the current customer.</description>
        </text-node>
        <node-display x="4" y="1"/>
      </node>
    </segment>
  </branch>
  <branch basename="_ANONYMOUS_BRANCH_4">
    <segment>
      <node>
        <text-node>
          <description>Verifies a credit card.</description>
        </text-node>
        <node-display x="7" y="1"/>
      </node>
    </segment>
  </branch>
  <branch basename="Add">
    <segment>
      <node>
        <start-node call-mode="public" name="Add" secure="true"/>
        <node-display x="4" y="2"/>
      </node>
      <simple-transition/>
      <node>
        <pipelet-node pipelet-name="ClearFormElement" pipelet-set-identifier="bc_api">
          <key-binding alias="CurrentForms.paymentinstruments" key="FormElement"/>
        </pipelet-node>
        <node-display x="0" y="1"/>
      </node>
      <simple-transition>
        <transition-display>
          <bend-point relative-to="source" x="0" y="1"/>
        </transition-display>
      </simple-transition>
      <node>
        <pipelet-node pipelet-name="SetFormOptions" pipelet-set-identifier="bc_api">
          <key-binding alias="CurrentForms.paymentinstruments.creditcards.newcreditcard.type" key="FormField"/>
          <key-binding alias="dw.order.PaymentMgr.getPaymentMethod(dw.order.PaymentInstrument.METHOD_CREDIT_CARD).activePaymentCards" key="Options"/>
          <key-binding alias="null" key="Begin"/>
          <key-binding alias="null" key="End"/>
        </pipelet-node>
        <node-display x="0" y="1"/>
      </node>
      <transition target-connector="in1" target-path="./+1"/>
    </segment>
    <segment>
      <node>
        <join-node/>
        <node-display x="0" y="1"/>
      </node>
      <simple-transition/>
      <node>
        <interaction-continue-node secure="true" start-name="SubmitFormAdd" transaction-required="false">
          <template buffered="true" dynamic="false" name="account/payment/paymentinstrumentdetails"/>
        </interaction-continue-node>
        <node-display x="0" y="1"/>
        <branch basename="b2" source-connector="cancel">
          <transition target-connector="in2" target-path="./+3">
            <transition-display>
              <bend-point relative-to="source" x="-1" y="1"/>
              <bend-point relative-to="target" x="-1" y="-1"/>
            </transition-display>
          </transition>
        </branch>
        <branch basename="b3" source-connector="create">
          <transition target-connector="in1" target-path="./+1"/>
        </branch>
      </node>
      <simple-transition/>
      <node>
        <decision-node condition-key="!CurrentForms.paymentinstruments.creditcards.valid" condition-operator="expr"/>
        <node-display x="1" y="1"/>
        <branch basename="b4" source-connector="yes">
          <transition target-connector="in1" target-path="./+1/b2.1/b4.2"/>
        </branch>
      </node>
      <transition target-connector="in1" target-path="./+1">
        <transition-display>
          <bend-point relative-to="source" x="0" y="1"/>
          <bend-point relative-to="target" x="0" y="1"/>
        </transition-display>
      </transition>
    </segment>
    <segment>
      <node>
        <join-node/>
        <node-display x="-1" y="0"/>
      </node>
      <simple-transition/>
      <node>
        <decision-node condition-key="CurrentCustomer.authenticated" condition-operator="expr"/>
        <node-display x="0" y="1"/>
        <branch basename="b2" source-connector="yes">
          <transition target-connector="in" transaction-control="begin"/>
          <segment>
            <node>
              <call-node start-name-ref="PaymentInstruments-VerifyCreditCard"/>
              <node-display x="0" y="1"/>
              <branch basename="b2" source-connector="error">
                <transition target-connector="in1" target-path="./b4.1">
                  <transition-display>
                    <bend-point relative-to="target" x="-1" y="0"/>
                  </transition-display>
                </transition>
              </branch>
            </node>
            <simple-transition>
              <transition-display>
                <bend-point relative-to="source" x="0" y="1"/>
              </transition-display>
            </simple-transition>
            <node>
              <pipelet-node pipelet-name="GetCustomerPaymentInstruments" pipelet-set-identifier="bc_api">
                <key-binding alias="PaymentInstruments" key="PaymentInstruments"/>
                <key-binding alias="dw.order.PaymentInstrument.METHOD_CREDIT_CARD" key="PaymentMethod"/>
                <key-binding alias="CurrentCustomer" key="Customer"/>
              </pipelet-node>
              <node-display x="0" y="1"/>
            </node>
            <simple-transition>
              <transition-display>
                <bend-point relative-to="source" x="0" y="1"/>
              </transition-display>
            </simple-transition>
            <node>
              <pipelet-node pipelet-name="CreateCustomerPaymentInstrument" pipelet-set-identifier="bc_api">
                <key-binding alias="PaymentInstrument" key="PaymentInstrument"/>
                <key-binding alias="dw.order.PaymentInstrument.METHOD_CREDIT_CARD" key="PaymentMethod"/>
                <key-binding alias="CurrentCustomer" key="Customer"/>
              </pipelet-node>
              <node-display x="0" y="1"/>
            </node>
            <simple-transition>
              <transition-display>
                <bend-point relative-to="source" x="0" y="1"/>
              </transition-display>
            </simple-transition>
            <node>
              <pipelet-node pipelet-name="Script" pipelet-set-identifier="bc_api">
                <config-property key="Transactional" value="true"/>
                <config-property key="OnError" value="PIPELET_ERROR"/>
                <config-property key="ScriptFile" value="Storefront_core:checkout/SaveCustomerCreditCard.ds"/>
                <key-binding alias="null" key="ScriptLog"/>
                <key-binding alias="PaymentInstrument" key="PaymentInstrument"/>
                <key-binding alias="CurrentForms.paymentinstruments.creditcards.newcreditcard" key="CreditCardFormFields"/>
              </pipelet-node>
              <node-display x="0" y="1"/>
              <branch basename="b3" source-connector="error">
                <transition target-connector="in1" target-path="./b4.1">
                  <transition-display>
                    <bend-point relative-to="source" x="2" y="0"/>
                  </transition-display>
                </transition>
              </branch>
            </node>
            <simple-transition>
              <transition-display>
                <bend-point relative-to="source" x="0" y="1"/>
              </transition-display>
            </simple-transition>
            <node>
              <pipelet-node pipelet-name="Script" pipelet-set-identifier="bc_api">
                <config-property key="Transactional" value="false"/>
                <config-property key="OnError" value="PIPELET_ERROR"/>
                <config-property key="ScriptFile" value="Storefront_core:account/payment/DuplicateCheck.ds"/>
                <key-binding alias="CurrentForms.paymentinstruments.creditcards.newcreditcard.number.value" key="NoIn"/>
                <key-binding alias="DuplicateCard" key="Duplicate"/>
                <key-binding alias="PaymentInstruments" key="PIList"/>
                <key-binding alias="debugger" key="ScriptLog"/>
                <key-binding alias="OldCard" key="OldCard"/>
              </pipelet-node>
              <node-display x="0" y="1"/>
              <branch basename="b4" source-connector="error">
                <transition target-connector="in1">
                  <transition-display>
                    <bend-point relative-to="source" x="2" y="0"/>
                  </transition-display>
                </transition>
                <segment>
                  <node>
                    <join-node/>
                    <node-display x="1" y="-3"/>
                  </node>
                  <transition target-connector="in2" target-path="./+1" transaction-control="rollback"/>
                </segment>
                <segment>
                  <node>
                    <join-node/>
                    <node-display x="0" y="-2"/>
                  </node>
                  <transition target-connector="in3" target-path="../../-1">
                    <transition-display>
                      <bend-point relative-to="source" x="1" y="-3"/>
                      <bend-point relative-to="target" x="2" y="0"/>
                    </transition-display>
                  </transition>
                </segment>
              </branch>
            </node>
            <simple-transition>
              <transition-display>
                <bend-point relative-to="source" x="0" y="1"/>
              </transition-display>
            </simple-transition>
            <node>
              <decision-node condition-key="!DuplicateCard" condition-operator="expr"/>
              <node-display x="0" y="1"/>
              <branch basename="b5" source-connector="yes">
                <transition target-connector="in1" target-path="./+1"/>
              </branch>
            </node>
            <simple-transition>
              <transition-display>
                <bend-point relative-to="source" x="2" y="0"/>
                <bend-point relative-to="target" x="0" y="-1"/>
              </transition-display>
            </simple-transition>
            <node>
              <pipelet-node pipelet-name="RemoveCustomerPaymentInstrument" pipelet-set-identifier="bc_api">
                <key-binding alias="OldCard" key="PaymentInstrument"/>
              </pipelet-node>
              <node-display x="1" y="1"/>
            </node>
            <transition target-connector="in3" target-path="./+1">
              <transition-display>
                <bend-point relative-to="source" x="0" y="2"/>
              </transition-display>
            </transition>
          </segment>
          <segment>
            <node>
              <join-node/>
              <node-display x="-1" y="1"/>
            </node>
            <transition target-connector="in1" target-path="../+1" transaction-control="commit"/>
          </segment>
        </branch>
      </node>
      <transition target-connector="in2" target-path="./+1">
        <transition-display>
          <bend-point relative-to="source" x="4" y="0"/>
          <bend-point relative-to="target" x="4" y="0"/>
        </transition-display>
      </transition>
    </segment>
    <segment>
      <node>
        <join-node/>
        <node-display x="0" y="9"/>
      </node>
      <simple-transition/>
      <node>
        <pipelet-node pipelet-name="ClearFormElement" pipelet-set-identifier="bc_api">
          <key-binding alias="CurrentForms.paymentinstruments" key="FormElement"/>
        </pipelet-node>
        <node-display x="0" y="1"/>
      </node>
      <transition target-connector="in1" target-path="./+1"/>
    </segment>
    <segment>
      <node>
        <join-node/>
        <node-display x="0" y="1"/>
      </node>
      <simple-transition/>
      <node>
        <jump-node start-name-ref="PaymentInstruments-List"/>
        <node-display x="0" y="1"/>
      </node>
    </segment>
  </branch>
  <branch basename="VerifyCreditCard">
    <segment>
      <node>
        <start-node call-mode="private" name="VerifyCreditCard" secure="false"/>
        <node-display x="7" y="2"/>
      </node>
      <simple-transition>
        <transition-display>
          <bend-point relative-to="source" x="0" y="1"/>
        </transition-display>
      </simple-transition>
      <node>
        <pipelet-node pipelet-name="VerifyPaymentCard" pipelet-set-identifier="bc_api">
          <config-property key="VerifySecurityCode" value="false"/>
          <key-binding alias="dw.order.PaymentMgr.getPaymentCard(CurrentForms.paymentinstruments.creditcards.newcreditcard.type.value)" key="PaymentCard"/>
          <key-binding alias="CurrentForms.paymentinstruments.creditcards.newcreditcard.number.value" key="CardNumber"/>
          <key-binding alias="CurrentForms.paymentinstruments.creditcards.newcreditcard.expiration.month.value" key="ExpirationMonth"/>
          <key-binding alias="CurrentForms.paymentinstruments.creditcards.newcreditcard.expiration.year.value" key="ExpirationYear"/>
          <key-binding alias="Status" key="Status"/>
          <key-binding alias="CurrentForms.paymentinstruments.creditcards.newcreditcard.cvn.value" key="CardSecurityCode"/>
        </pipelet-node>
        <node-display x="0" y="1"/>
        <branch basename="b2" source-connector="error">
          <transition target-connector="in">
            <transition-display>
              <bend-point relative-to="source" x="2" y="0"/>
              <bend-point relative-to="target" x="0" y="-1"/>
            </transition-display>
          </transition>
          <segment>
            <node>
              <pipelet-node pipelet-name="Script" pipelet-set-identifier="bc_api">
                <config-property key="Transactional" value="false"/>
                <config-property key="OnError" value="PIPELET_ERROR"/>
                <config-property key="ScriptFile" value="Storefront_core:checkout/InvalidatePaymentCardFormElements.ds"/>
                <key-binding alias="null" key="ScriptLog"/>
                <key-binding alias="CurrentForms.paymentinstruments.creditcards.newcreditcard" key="CreditCardForm"/>
                <key-binding alias="Status" key="Status"/>
              </pipelet-node>
              <node-display x="1" y="1"/>
              <branch basename="b2" source-connector="error">
                <transition target-connector="in2" target-path="./+1">
                  <transition-display>
                    <bend-point relative-to="source" x="1" y="0"/>
                    <bend-point relative-to="target" x="1" y="0"/>
                  </transition-display>
                </transition>
              </branch>
            </node>
            <transition target-connector="in1" target-path="./+1"/>
          </segment>
          <segment>
            <node>
              <join-node/>
              <node-display x="0" y="1"/>
            </node>
            <simple-transition/>
            <node>
              <end-node name="error"/>
              <node-display x="0" y="1"/>
            </node>
          </segment>
        </branch>
      </node>
      <simple-transition>
        <transition-display>
          <bend-point relative-to="target" x="0" y="-1"/>
        </transition-display>
      </simple-transition>
      <node>
        <end-node/>
        <node-display x="0" y="3"/>
      </node>
    </segment>
  </branch>
  <branch basename="_ANONYMOUS_BRANCH_7">
    <segment>
      <node>
        <text-node>
          <description>Deletes a saved credit card payment instrument.</description>
        </text-node>
        <node-display x="12" y="1"/>
      </node>
    </segment>
  </branch>
  <branch basename="Delete">
    <segment>
      <node>
        <start-node name="Delete" secure="true"/>
        <node-display x="12" y="2"/>
      </node>
      <simple-transition/>
      <node>
        <pipelet-node pipelet-name="Assign" pipelet-set-identifier="bc_api">
          <config-property key="Transactional" value="false"/>
          <key-binding alias="&quot;PaymentInstruments-Delete&quot;" key="From_0"/>
          <key-binding alias="TargetPipeline" key="To_0"/>
          <key-binding alias="null" key="From_1"/>
          <key-binding alias="null" key="To_1"/>
          <key-binding alias="null" key="From_2"/>
          <key-binding alias="null" key="To_2"/>
          <key-binding alias="null" key="From_3"/>
          <key-binding alias="null" key="To_3"/>
          <key-binding alias="null" key="From_4"/>
          <key-binding alias="null" key="To_4"/>
          <key-binding alias="null" key="From_5"/>
          <key-binding alias="null" key="To_5"/>
          <key-binding alias="null" key="From_6"/>
          <key-binding alias="null" key="To_6"/>
          <key-binding alias="null" key="From_7"/>
          <key-binding alias="null" key="To_7"/>
          <key-binding alias="null" key="From_8"/>
          <key-binding alias="null" key="To_8"/>
          <key-binding alias="null" key="From_9"/>
          <key-binding alias="null" key="To_9"/>
        </pipelet-node>
        <node-display x="0" y="1"/>
      </node>
      <simple-transition/>
      <node>
        <call-node start-name-ref="Account-RequireLogin"/>
        <node-display x="0" y="1"/>
      </node>
      <simple-transition>
        <transition-display>
          <bend-point relative-to="source" x="0" y="1"/>
        </transition-display>
      </simple-transition>
      <node>
        <decision-node condition-key="TriggeredAction != null" condition-operator="expr"/>
        <node-display x="0" y="1"/>
        <branch basename="b2" source-connector="yes">
          <transition target-connector="in"/>
          <segment>
            <node>
              <pipelet-node pipelet-name="RemoveCustomerPaymentInstrument" pipelet-set-identifier="bc_api">
                <key-binding alias="TriggeredAction.object" key="PaymentInstrument"/>
              </pipelet-node>
              <node-display x="0" y="1"/>
            </node>
            <transition target-connector="in1" target-path="../+1"/>
          </segment>
        </branch>
      </node>
      <transition target-connector="in1" target-path="./+1">
        <transition-display>
          <bend-point relative-to="source" x="1" y="0"/>
          <bend-point relative-to="target" x="1" y="0"/>
        </transition-display>
      </transition>
    </segment>
    <segment>
      <node>
        <join-node/>
        <node-display x="0" y="2"/>
      </node>
      <simple-transition/>
      <node>
        <jump-node start-name-ref="PaymentInstruments-List"/>
        <node-display x="0" y="1"/>
      </node>
    </segment>
  </branch>
</pipeline>
