<?xml version="1.0" encoding="UTF-8" ?>
<?demandware-pipeline version="2.0"?>

<pipeline group="Service">
  <branch basename="_ANONYMOUS_BRANCH_1">
    <segment>
      <node>
        <text-node>
          <description>Provides a form to locate stores by geographical information.</description>
        </text-node>
        <node-display x="2" y="0"/>
      </node>
    </segment>
  </branch>
  <branch basename="Find">
    <segment>
      <node>
        <start-node name="Find" secure="false"/>
        <node-display x="2" y="1"/>
      </node>
      <simple-transition>
        <transition-display>
          <bend-point relative-to="source" x="0" y="1"/>
        </transition-display>
      </simple-transition>
      <node>
        <pipelet-node pipelet-name="ClearFormElement" pipelet-set-identifier="bc_api">
          <key-binding alias="CurrentForms.storelocator" key="FormElement"/>
        </pipelet-node>
        <node-display x="0" y="1"/>
      </node>
      <simple-transition/>
      <node>
        <pipelet-node pipelet-name="UpdatePageMetaData" pipelet-set-identifier="bc_api">
          <key-binding alias="null" key="DefaultKeywords"/>
          <key-binding alias="null" key="DefaultDescription"/>
          <key-binding alias="null" key="Product"/>
          <key-binding alias="null" key="Category"/>
          <key-binding alias="dw.content.ContentMgr.getContent(&quot;store-locator&quot;)" key="Content"/>
        </pipelet-node>
        <node-display x="0" y="1"/>
      </node>
      <transition target-connector="in1" target-path="./+1"/>
    </segment>
    <segment>
      <node>
        <join-node/>
        <node-display x="0" y="1"/>
      </node>
      <simple-transition>
        <transition-display>
          <bend-point relative-to="source" x="0" y="1"/>
        </transition-display>
      </simple-transition>
      <node>
        <interaction-continue-node secure="false" start-name="FindStores" transaction-required="false">
          <template buffered="true" dynamic="false" name="storelocator/storelocator"/>
        </interaction-continue-node>
        <node-display x="0" y="1"/>
        <branch basename="b2" source-connector="findbycountry">
          <transition target-connector="in">
            <transition-display>
              <bend-point relative-to="target" x="0" y="-1"/>
            </transition-display>
          </transition>
          <segment>
            <node>
              <decision-node condition-key="CurrentForms.storelocator.country.value != null &amp;&amp;CurrentForms.storelocator.country.value != ''" condition-operator="expr"/>
              <node-display x="1" y="3"/>
              <branch basename="b2" source-connector="yes">
                <transition target-connector="in">
                  <transition-display>
                    <bend-point relative-to="target" x="-2" y="-1"/>
                    <bend-point relative-to="target" x="0" y="-1"/>
                  </transition-display>
                </transition>
                <segment>
                  <node>
                    <pipelet-node custom-name="Search stores by state" pipelet-name="SearchSystemObject" pipelet-set-identifier="bc_api">
                      <config-property key="ObjectType" value="Store"/>
                      <config-property key="SearchExpression" value="countryCode = {1}"/>
                      <key-binding alias="Stores" key="SearchResult"/>
                      <key-binding alias="StoresCount" key="SearchResultCount"/>
                      <key-binding alias="null" key="Search3Key"/>
                      <key-binding alias="null" key="Search4Key"/>
                      <key-binding alias="null" key="Search4Value"/>
                      <key-binding alias="null" key="Search5Key"/>
                      <key-binding alias="null" key="Search5Value"/>
                      <key-binding alias="null" key="SortBy1"/>
                      <key-binding alias="null" key="SortBy1Direction"/>
                      <key-binding alias="null" key="SortBy2"/>
                      <key-binding alias="null" key="SortBy2Direction"/>
                      <key-binding alias="null" key="SortBy3"/>
                      <key-binding alias="null" key="SortBy3Direction"/>
                      <key-binding alias="null" key="Search1Key"/>
                      <key-binding alias="CurrentForms.storelocator.country.value" key="Search1Value"/>
                    </pipelet-node>
                    <node-display x="1" y="2"/>
                  </node>
                  <simple-transition>
                    <transition-display>
                      <bend-point relative-to="source" x="0" y="1"/>
                    </transition-display>
                  </simple-transition>
                  <node>
                    <decision-node condition-key="StoresCount &gt; 0" condition-operator="expr"/>
                    <node-display x="0" y="1"/>
                    <branch basename="b2" source-connector="yes">
                      <transition target-connector="in">
                        <transition-display>
                          <bend-point relative-to="target" x="0" y="-1"/>
                        </transition-display>
                      </transition>
                      <segment>
                        <node>
                          <pipelet-node pipelet-name="Assign" pipelet-set-identifier="bc_api">
                            <config-property key="Transactional" value="false"/>
                            <key-binding alias="CurrentForms.storelocator.country.value" key="From_0"/>
                            <key-binding alias="SearchString" key="To_0"/>
                            <key-binding alias="null" key="From_2"/>
                            <key-binding alias="null" key="From_3"/>
                            <key-binding alias="null" key="To_3"/>
                            <key-binding alias="null" key="From_4"/>
                            <key-binding alias="null" key="To_4"/>
                            <key-binding alias="null" key="From_5"/>
                            <key-binding alias="null" key="To_5"/>
                            <key-binding alias="null" key="From_6"/>
                            <key-binding alias="null" key="To_6"/>
                            <key-binding alias="null" key="From_7"/>
                            <key-binding alias="null" key="To_7"/>
                            <key-binding alias="null" key="From_8"/>
                            <key-binding alias="null" key="To_8"/>
                            <key-binding alias="null" key="From_9"/>
                            <key-binding alias="null" key="To_9"/>
                          </pipelet-node>
                          <node-display x="0" y="2"/>
                        </node>
                        <transition target-connector="in1" target-path="./+1"/>
                      </segment>
                      <segment>
                        <node>
                          <join-node/>
                          <node-display x="-2" y="2"/>
                        </node>
                        <simple-transition/>
                        <node>
                          <interaction-node transaction-required="false">
                            <template buffered="true" dynamic="false" name="storelocator/storelocatorresults"/>
                          </interaction-node>
                          <node-display x="0" y="1"/>
                        </node>
                      </segment>
                    </branch>
                  </node>
                  <transition target-connector="in1" target-path="./+1"/>
                </segment>
                <segment>
                  <node>
                    <join-node/>
                    <node-display x="1" y="0"/>
                  </node>
                  <transition target-connector="in1" target-path="../+1"/>
                </segment>
              </branch>
            </node>
            <simple-transition>
              <transition-display>
                <bend-point relative-to="source" x="1" y="0"/>
              </transition-display>
            </simple-transition>
            <node>
              <pipelet-node pipelet-name="Assign" pipelet-set-identifier="bc_api">
                <config-property key="Transactional" value="false"/>
                <key-binding alias="null" key="From_0"/>
                <key-binding alias="Stores" key="To_0"/>
                <key-binding alias="0" key="From_1"/>
                <key-binding alias="StoresCount" key="To_1"/>
                <key-binding alias="null" key="From_2"/>
                <key-binding alias="null" key="To_2"/>
                <key-binding alias="null" key="From_3"/>
                <key-binding alias="null" key="To_3"/>
                <key-binding alias="null" key="From_4"/>
                <key-binding alias="null" key="To_4"/>
                <key-binding alias="null" key="From_5"/>
                <key-binding alias="null" key="To_5"/>
                <key-binding alias="null" key="From_6"/>
                <key-binding alias="null" key="To_6"/>
                <key-binding alias="null" key="From_7"/>
                <key-binding alias="null" key="To_7"/>
                <key-binding alias="null" key="From_8"/>
                <key-binding alias="null" key="To_8"/>
                <key-binding alias="null" key="From_9"/>
                <key-binding alias="null" key="To_9"/>
              </pipelet-node>
              <node-display orientation="horizontal" x="1" y="0"/>
            </node>
            <transition target-connector="in1" target-path="./+1"/>
          </segment>
          <segment>
            <node>
              <join-node/>
              <node-display x="1" y="0"/>
            </node>
            <transition target-connector="in1" target-path="./+1"/>
          </segment>
          <segment>
            <node>
              <join-node/>
              <node-display x="0" y="-1"/>
            </node>
            <transition target-connector="in1" target-path="../+1"/>
          </segment>
        </branch>
        <branch basename="b3" source-connector="findbystate">
          <transition target-connector="in"/>
          <segment>
            <node>
              <pipelet-node pipelet-name="Assign" pipelet-set-identifier="bc_api">
                <config-property key="Transactional" value="false"/>
                <key-binding alias="null" key="From_2"/>
                <key-binding alias="null" key="To_2"/>
                <key-binding alias="null" key="From_4"/>
                <key-binding alias="null" key="To_4"/>
                <key-binding alias="null" key="From_5"/>
                <key-binding alias="null" key="To_5"/>
                <key-binding alias="null" key="From_6"/>
                <key-binding alias="null" key="To_6"/>
                <key-binding alias="null" key="From_7"/>
                <key-binding alias="null" key="To_7"/>
                <key-binding alias="null" key="From_8"/>
                <key-binding alias="null" key="To_8"/>
                <key-binding alias="null" key="From_9"/>
                <key-binding alias="null" key="To_9"/>
                <key-binding alias="CurrentForms.storelocator.state.htmlValue" key="From_0"/>
                <key-binding alias="stateCode" key="To_0"/>
              </pipelet-node>
              <node-display x="0" y="2"/>
            </node>
            <simple-transition/>
            <node>
              <decision-node condition-key="!empty(stateCode)" condition-operator="expr"/>
              <node-display x="0" y="1"/>
              <branch basename="b2" source-connector="yes">
                <transition target-connector="in">
                  <transition-display>
                    <bend-point relative-to="target" x="0" y="-1"/>
                  </transition-display>
                </transition>
                <segment>
                  <node>
                    <pipelet-node custom-name="Search stores by state" pipelet-name="SearchSystemObject" pipelet-set-identifier="bc_api">
                      <config-property key="ObjectType" value="Store"/>
                      <config-property key="SearchExpression" value="stateCode = {1}"/>
                      <key-binding alias="Stores" key="SearchResult"/>
                      <key-binding alias="StoresCount" key="SearchResultCount"/>
                      <key-binding alias="null" key="Search3Key"/>
                      <key-binding alias="null" key="Search4Key"/>
                      <key-binding alias="null" key="Search4Value"/>
                      <key-binding alias="null" key="Search5Key"/>
                      <key-binding alias="null" key="Search5Value"/>
                      <key-binding alias="null" key="SortBy1"/>
                      <key-binding alias="null" key="SortBy1Direction"/>
                      <key-binding alias="null" key="SortBy2"/>
                      <key-binding alias="null" key="SortBy2Direction"/>
                      <key-binding alias="null" key="SortBy3"/>
                      <key-binding alias="null" key="SortBy3Direction"/>
                      <key-binding alias="null" key="Search1Key"/>
                      <key-binding alias="CurrentForms.storelocator.state.htmlValue" key="Search1Value"/>
                    </pipelet-node>
                    <node-display x="0" y="2"/>
                  </node>
                  <simple-transition>
                    <transition-display>
                      <bend-point relative-to="source" x="0" y="1"/>
                    </transition-display>
                  </simple-transition>
                  <node>
                    <decision-node condition-key="StoresCount &gt; 0" condition-operator="expr"/>
                    <node-display x="0" y="1"/>
                    <branch basename="b2" source-connector="yes">
                      <transition target-connector="in">
                        <transition-display>
                          <bend-point relative-to="target" x="0" y="-1"/>
                        </transition-display>
                      </transition>
                      <segment>
                        <node>
                          <pipelet-node pipelet-name="Assign" pipelet-set-identifier="bc_api">
                            <config-property key="Transactional" value="false"/>
                            <key-binding alias="&quot;State &quot; + CurrentForms.storelocator.state.htmlValue" key="From_0"/>
                            <key-binding alias="SearchString" key="To_0"/>
                            <key-binding alias="null" key="From_2"/>
                            <key-binding alias="null" key="From_3"/>
                            <key-binding alias="null" key="To_3"/>
                            <key-binding alias="null" key="From_4"/>
                            <key-binding alias="null" key="To_4"/>
                            <key-binding alias="null" key="From_5"/>
                            <key-binding alias="null" key="To_5"/>
                            <key-binding alias="null" key="From_6"/>
                            <key-binding alias="null" key="To_6"/>
                            <key-binding alias="null" key="From_7"/>
                            <key-binding alias="null" key="To_7"/>
                            <key-binding alias="null" key="From_8"/>
                            <key-binding alias="null" key="To_8"/>
                            <key-binding alias="null" key="From_9"/>
                            <key-binding alias="null" key="To_9"/>
                          </pipelet-node>
                          <node-display x="0" y="2"/>
                        </node>
                        <transition target-connector="in1" target-path="../../../b2.1/b2.1/b2.2"/>
                      </segment>
                    </branch>
                  </node>
                  <transition target-connector="in1" target-path="./+1">
                    <transition-display>
                      <bend-point relative-to="source" x="2" y="0"/>
                    </transition-display>
                  </transition>
                </segment>
                <segment>
                  <node>
                    <join-node/>
                    <node-display x="1" y="1"/>
                  </node>
                  <transition target-connector="in1" target-path="./+1"/>
                </segment>
                <segment>
                  <node>
                    <join-node/>
                    <node-display x="2" y="0"/>
                  </node>
                  <transition target-connector="in1" target-path="../../b2.1/b2.2"/>
                </segment>
              </branch>
            </node>
            <simple-transition>
              <transition-display>
                <bend-point relative-to="target" x="-1" y="0"/>
              </transition-display>
            </simple-transition>
            <node>
              <pipelet-node pipelet-name="Assign" pipelet-set-identifier="bc_api">
                <config-property key="Transactional" value="false"/>
                <key-binding alias="null" key="From_0"/>
                <key-binding alias="Stores" key="To_0"/>
                <key-binding alias="0" key="From_1"/>
                <key-binding alias="StoresCount" key="To_1"/>
                <key-binding alias="null" key="From_2"/>
                <key-binding alias="null" key="To_2"/>
                <key-binding alias="null" key="From_3"/>
                <key-binding alias="null" key="To_3"/>
                <key-binding alias="null" key="From_4"/>
                <key-binding alias="null" key="To_4"/>
                <key-binding alias="null" key="From_5"/>
                <key-binding alias="null" key="To_5"/>
                <key-binding alias="null" key="From_6"/>
                <key-binding alias="null" key="To_6"/>
                <key-binding alias="null" key="From_7"/>
                <key-binding alias="null" key="To_7"/>
                <key-binding alias="null" key="From_8"/>
                <key-binding alias="null" key="To_8"/>
                <key-binding alias="null" key="From_9"/>
                <key-binding alias="null" key="To_9"/>
              </pipelet-node>
              <node-display orientation="horizontal" x="2" y="-1"/>
            </node>
            <transition target-connector="in1" target-path="../b2.3"/>
          </segment>
        </branch>
        <branch basename="b4" source-connector="findbyzip">
          <transition target-connector="in">
            <transition-display>
              <bend-point relative-to="source" x="-4" y="4"/>
            </transition-display>
          </transition>
          <segment>
            <node>
              <pipelet-node pipelet-name="GetNearestStores" pipelet-set-identifier="bc_api">
                <config-property key="DistanceUnit" value="mi"/>
                <key-binding alias="CurrentForms.storelocator.postalCode.value" key="PostalCode"/>
                <key-binding alias="CurrentForms.storelocator.countryCode.value" key="CountryCode"/>
                <key-binding alias="NearestStores" key="Stores"/>
                <key-binding alias="city" key="City"/>
                <key-binding alias="state" key="State"/>
                <key-binding alias="CurrentForms.storelocator.maxdistance.value" key="MaxDistance"/>
                <key-binding alias="CurrentForms.storelocator.distanceUnit.value" key="DistanceUnit"/>
              </pipelet-node>
              <node-display x="-2" y="5"/>
            </node>
            <simple-transition>
              <transition-display>
                <bend-point relative-to="source" x="0" y="1"/>
              </transition-display>
            </simple-transition>
            <node>
              <pipelet-node pipelet-name="Assign" pipelet-set-identifier="bc_api">
                <config-property key="Transactional" value="false"/>
                <key-binding alias="&quot;Zip &quot; + CurrentForms.storelocator.postalCode.value" key="From_0"/>
                <key-binding alias="SearchString" key="To_0"/>
                <key-binding alias="NearestStores.keySet()" key="From_1"/>
                <key-binding alias="NearestStores.size()" key="From_2"/>
                <key-binding alias="null" key="From_3"/>
                <key-binding alias="null" key="To_3"/>
                <key-binding alias="null" key="From_4"/>
                <key-binding alias="null" key="To_4"/>
                <key-binding alias="null" key="From_5"/>
                <key-binding alias="null" key="To_5"/>
                <key-binding alias="null" key="From_6"/>
                <key-binding alias="null" key="To_6"/>
                <key-binding alias="null" key="From_7"/>
                <key-binding alias="null" key="To_7"/>
                <key-binding alias="null" key="From_8"/>
                <key-binding alias="null" key="To_8"/>
                <key-binding alias="null" key="From_9"/>
                <key-binding alias="null" key="To_9"/>
                <key-binding alias="Stores" key="To_1"/>
                <key-binding alias="StoresCount" key="To_2"/>
              </pipelet-node>
              <node-display x="0" y="1"/>
            </node>
            <simple-transition>
              <transition-display>
                <bend-point relative-to="source" x="0" y="1"/>
              </transition-display>
            </simple-transition>
            <node>
              <decision-node condition-key="NearestStores.size() &gt; 0" condition-operator="expr"/>
              <node-display x="0" y="1"/>
              <branch basename="b2" source-connector="yes">
                <transition target-connector="in1" target-path="../b2.1/b2.1/b2.2"/>
              </branch>
            </node>
            <transition target-connector="in1" target-path="./+1"/>
          </segment>
          <segment>
            <node>
              <join-node/>
              <node-display x="1" y="0"/>
            </node>
            <transition target-connector="in1" target-path="../b3.1/b2.2"/>
          </segment>
        </branch>
      </node>
      <simple-transition>
        <transition-display>
          <bend-point relative-to="target" x="-1" y="0"/>
        </transition-display>
      </simple-transition>
      <node>
        <pipelet-node pipelet-name="Assign" pipelet-set-identifier="bc_api">
          <config-property key="Transactional" value="false"/>
          <key-binding alias="null" key="From_0"/>
          <key-binding alias="city" key="To_0"/>
          <key-binding alias="null" key="From_1"/>
          <key-binding alias="state" key="To_1"/>
          <key-binding alias="null" key="From_2"/>
          <key-binding alias="Stores" key="To_2"/>
          <key-binding alias="null" key="From_3"/>
          <key-binding alias="null" key="To_3"/>
          <key-binding alias="null" key="From_4"/>
          <key-binding alias="null" key="To_4"/>
          <key-binding alias="null" key="From_5"/>
          <key-binding alias="null" key="To_5"/>
          <key-binding alias="null" key="From_6"/>
          <key-binding alias="null" key="To_6"/>
          <key-binding alias="null" key="From_7"/>
          <key-binding alias="null" key="To_7"/>
          <key-binding alias="null" key="From_8"/>
          <key-binding alias="null" key="To_8"/>
          <key-binding alias="null" key="From_9"/>
          <key-binding alias="null" key="To_9"/>
        </pipelet-node>
        <node-display orientation="horizontal" x="2" y="1"/>
      </node>
      <transition target-connector="in1" target-path="./+1"/>
    </segment>
    <segment>
      <node>
        <join-node/>
        <node-display x="1" y="0"/>
      </node>
      <transition target-connector="in3" target-path="./-1">
        <transition-display>
          <bend-point relative-to="source" x="0" y="-4"/>
        </transition-display>
      </transition>
    </segment>
  </branch>
  <branch basename="_ANONYMOUS_BRANCH_3">
    <segment>
      <node>
        <text-node>
          <description>Renders the details of a store.</description>
        </text-node>
        <node-display x="7" y="1"/>
      </node>
    </segment>
  </branch>
  <branch basename="Details">
    <segment>
      <node>
        <start-node call-mode="public" name="Details" secure="false"/>
        <node-display x="7" y="2"/>
      </node>
      <simple-transition/>
      <node>
        <pipelet-node pipelet-name="Script" pipelet-set-identifier="bc_api">
          <config-property key="Transactional" value="false"/>
          <config-property key="OnError" value="PIPELET_ERROR"/>
          <config-property key="ScriptFile" value="Storefront_core:storelocator/GetStore.ds"/>
          <key-binding alias="CurrentHttpParameterMap.StoreID.value" key="StoreID"/>
          <key-binding alias="Store" key="Store"/>
        </pipelet-node>
        <node-display x="0" y="1"/>
        <branch basename="b2" source-connector="error">
          <transition target-connector="in1" target-path="./+1">
            <transition-display>
              <bend-point relative-to="source" x="1" y="0"/>
              <bend-point relative-to="target" x="1" y="0"/>
            </transition-display>
          </transition>
        </branch>
      </node>
      <transition target-connector="in1" target-path="./+1"/>
    </segment>
    <segment>
      <node>
        <join-node/>
        <node-display x="0" y="1"/>
      </node>
      <simple-transition>
        <transition-display>
          <bend-point relative-to="source" x="0" y="1"/>
        </transition-display>
      </simple-transition>
      <node>
        <interaction-node transaction-required="false">
          <template buffered="true" dynamic="false" name="storelocator/storedetails"/>
        </interaction-node>
        <node-display x="0" y="1"/>
      </node>
    </segment>
  </branch>
</pipeline>
