<?xml version="1.0" encoding="UTF-8" ?>
<?demandware-pipeline version="2.0"?>

<pipeline group="StoreCheckout" type="view">
  <branch basename="_ANONYMOUS_BRANCH_1">
    <segment>
      <node>
        <text-node>
          <description>Sets the store for s given line item
(requires rich_UI cartrdige)</description>
        </text-node>
        <node-display width="2" x="1" y="1"/>
      </node>
    </segment>
  </branch>
  <branch basename="SetStore">
    <segment>
      <node>
        <start-node name="SetStore" secure="false"/>
        <node-display x="1" y="2"/>
      </node>
      <simple-transition/>
      <node>
        <call-node start-name-ref="Cart-GetExistingBasket"/>
        <node-display x="0" y="1"/>
        <branch basename="b2" source-connector="error">
          <transition target-connector="in">
            <transition-display>
              <bend-point relative-to="target" x="-1" y="0"/>
            </transition-display>
          </transition>
          <segment>
            <node>
              <jump-node start-name-ref="Cart-Show"/>
              <node-display orientation="horizontal" x="2" y="0"/>
            </node>
          </segment>
        </branch>
      </node>
      <simple-transition>
        <transition-display>
          <bend-point relative-to="source" x="0" y="1"/>
        </transition-display>
      </simple-transition>
      <node>
        <pipelet-node pipelet-name="Script" pipelet-set-identifier="bc_api">
          <config-property key="Transactional" value="true"/>
          <config-property key="OnError" value="PIPELET_ERROR"/>
          <config-property key="ScriptFile" value="Storefront_core:cart/storepickup/SetStoreInLineItem.ds"/>
          <key-binding alias="Basket" key="Basket"/>
          <key-binding alias="CurrentHttpParameterMap.plid.stringValue" key="LineItemUUID"/>
          <key-binding alias="CurrentHttpParameterMap.storeid.stringValue" key="StoreId"/>
          <key-binding alias="ErrorCode" key="ErrorCode"/>
          <key-binding alias="CurrentHttpParameterMap.storepickup.stringValue" key="StorePickup"/>
        </pipelet-node>
        <node-display x="0" y="1"/>
        <branch basename="b3" source-connector="error">
          <transition target-connector="in1" target-path="./b4.1">
            <transition-display>
              <bend-point relative-to="source" x="2" y="0"/>
            </transition-display>
          </transition>
        </branch>
      </node>
      <simple-transition>
        <transition-display>
          <bend-point relative-to="source" x="0" y="1"/>
        </transition-display>
      </simple-transition>
      <node>
        <pipelet-node pipelet-name="Script" pipelet-set-identifier="bc_api">
          <config-property key="Transactional" value="true"/>
          <config-property key="OnError" value="PIPELET_ERROR"/>
          <config-property key="ScriptFile" value="Storefront_core:checkout/RemoveEmptyShipments.ds"/>
          <key-binding alias="null" key="ScriptLog"/>
          <key-binding alias="Basket" key="Basket"/>
        </pipelet-node>
        <node-display x="0" y="1"/>
        <branch basename="b4" source-connector="error">
          <transition target-connector="in1"/>
          <segment>
            <node>
              <join-node/>
              <node-display x="1" y="0"/>
            </node>
            <simple-transition>
              <transition-display>
                <bend-point relative-to="source" x="1" y="0"/>
              </transition-display>
            </simple-transition>
            <node>
              <interaction-node transaction-required="false">
                <template buffered="true" dynamic="false" name="util/errorjson"/>
              </interaction-node>
              <node-display orientation="horizontal" x="1" y="0"/>
            </node>
          </segment>
        </branch>
      </node>
      <simple-transition>
        <transition-display>
          <bend-point relative-to="source" x="0" y="1"/>
        </transition-display>
      </simple-transition>
      <node>
        <decision-node condition-key="!empty(CurrentSession.custom.storeId) &amp;&amp; !empty(CurrentHttpParameterMap.storeid)" condition-operator="expr"/>
        <node-display x="0" y="1"/>
        <branch basename="b5" source-connector="yes">
          <transition target-connector="in1" target-path="./+1"/>
        </branch>
      </node>
      <simple-transition>
        <transition-display>
          <bend-point relative-to="source" x="2" y="0"/>
        </transition-display>
      </simple-transition>
      <node>
        <pipelet-node pipelet-name="Assign" pipelet-set-identifier="bc_api">
          <config-property key="Transactional" value="false"/>
          <key-binding alias="CurrentHttpParameterMap.storeid.value" key="From_0"/>
          <key-binding alias="CurrentSession.custom.storeId" key="To_0"/>
          <key-binding alias="null" key="From_1"/>
          <key-binding alias="null" key="To_1"/>
          <key-binding alias="null" key="From_2"/>
          <key-binding alias="null" key="To_2"/>
          <key-binding alias="null" key="From_3"/>
          <key-binding alias="null" key="To_3"/>
          <key-binding alias="null" key="From_4"/>
          <key-binding alias="null" key="To_4"/>
          <key-binding alias="null" key="From_5"/>
          <key-binding alias="null" key="To_5"/>
          <key-binding alias="null" key="From_6"/>
          <key-binding alias="null" key="To_6"/>
          <key-binding alias="null" key="From_7"/>
          <key-binding alias="null" key="To_7"/>
          <key-binding alias="null" key="From_8"/>
          <key-binding alias="null" key="To_8"/>
          <key-binding alias="null" key="From_9"/>
          <key-binding alias="null" key="To_9"/>
        </pipelet-node>
        <node-display x="1" y="1"/>
      </node>
      <transition target-connector="in2" target-path="./+1">
        <transition-display>
          <bend-point relative-to="source" x="0" y="2"/>
        </transition-display>
      </transition>
    </segment>
    <segment>
      <node>
        <join-node/>
        <node-display x="-1" y="1"/>
      </node>
      <simple-transition/>
      <node>
        <interaction-node transaction-required="false">
          <template buffered="true" dynamic="false" name="util/successjson"/>
        </interaction-node>
        <node-display x="0" y="1"/>
      </node>
    </segment>
  </branch>
  <branch basename="_ANONYMOUS_BRANCH_3">
    <segment>
      <node>
        <text-node>
          <description>Looks up stores based on the zipcode given and the site prefernces that refer the the radius and units of distance</description>
        </text-node>
        <node-display width="2" x="4" y="1"/>
      </node>
    </segment>
  </branch>
  <branch basename="LookupByZipCode">
    <segment>
      <node>
        <start-node call-mode="private" name="LookupByZipCode" secure="false"/>
        <node-display x="4" y="2"/>
      </node>
      <simple-transition/>
      <node>
        <pipelet-node pipelet-name="Assign" pipelet-set-identifier="bc_api">
          <config-property key="Transactional" value="false"/>
          <key-binding alias="dw.system.Site.getCurrent().getCustomPreferenceValue('countryCode').value" key="From_0"/>
          <key-binding alias="CountryCode" key="To_0"/>
          <key-binding alias="null" key="From_1"/>
          <key-binding alias="null" key="To_1"/>
          <key-binding alias="null" key="From_2"/>
          <key-binding alias="null" key="To_2"/>
          <key-binding alias="null" key="From_3"/>
          <key-binding alias="null" key="To_3"/>
          <key-binding alias="null" key="From_4"/>
          <key-binding alias="null" key="To_4"/>
          <key-binding alias="null" key="From_5"/>
          <key-binding alias="null" key="To_5"/>
          <key-binding alias="null" key="From_6"/>
          <key-binding alias="null" key="To_6"/>
          <key-binding alias="null" key="From_7"/>
          <key-binding alias="null" key="To_7"/>
          <key-binding alias="null" key="From_8"/>
          <key-binding alias="null" key="To_8"/>
          <key-binding alias="null" key="From_9"/>
          <key-binding alias="null" key="To_9"/>
        </pipelet-node>
        <node-display x="0" y="1"/>
      </node>
      <simple-transition/>
      <node>
        <pipelet-node pipelet-name="GetNearestStores" pipelet-set-identifier="bc_api">
          <config-property key="DistanceUnit" value="mi"/>
          <key-binding alias="CurrentHttpParameterMap.zipCode.value" key="PostalCode"/>
          <key-binding alias="dw.system.Site.getCurrent().getCustomPreferenceValue('countryCode').value" key="CountryCode"/>
          <key-binding alias="NearestStores" key="Stores"/>
          <key-binding alias="city" key="City"/>
          <key-binding alias="state" key="State"/>
          <key-binding alias="dw.system.Site.getCurrent().getCustomPreferenceValue('storeLookupUnit').value" key="DistanceUnit"/>
          <key-binding alias="new Number(dw.system.Site.getCurrent().getCustomPreferenceValue('storeLookupMaxDistance').value)" key="MaxDistance"/>
        </pipelet-node>
        <node-display x="0" y="1"/>
      </node>
      <simple-transition>
        <transition-display>
          <bend-point relative-to="source" x="0" y="1"/>
        </transition-display>
      </simple-transition>
      <node>
        <pipelet-node pipelet-name="Assign" pipelet-set-identifier="bc_api">
          <config-property key="Transactional" value="false"/>
          <key-binding alias="NearestStores.keySet()" key="From_1"/>
          <key-binding alias="null" key="From_2"/>
          <key-binding alias="null" key="From_3"/>
          <key-binding alias="null" key="To_3"/>
          <key-binding alias="null" key="From_4"/>
          <key-binding alias="null" key="To_4"/>
          <key-binding alias="null" key="From_5"/>
          <key-binding alias="null" key="To_5"/>
          <key-binding alias="null" key="From_6"/>
          <key-binding alias="null" key="To_6"/>
          <key-binding alias="null" key="From_7"/>
          <key-binding alias="null" key="To_7"/>
          <key-binding alias="null" key="From_8"/>
          <key-binding alias="null" key="To_8"/>
          <key-binding alias="null" key="From_9"/>
          <key-binding alias="null" key="To_9"/>
          <key-binding alias="Stores" key="To_1"/>
          <key-binding alias="StoresCount" key="To_2"/>
          <key-binding alias="CurrentHttpParameterMap.zipCode.value" key="From_0"/>
          <key-binding alias="CurrentSession.custom.zipcode" key="To_0"/>
        </pipelet-node>
        <node-display x="0" y="1"/>
      </node>
      <simple-transition>
        <transition-display>
          <bend-point relative-to="source" x="0" y="1"/>
        </transition-display>
      </simple-transition>
      <node>
        <end-node/>
        <node-display x="0" y="1"/>
      </node>
    </segment>
  </branch>
  <branch basename="_ANONYMOUS_BRANCH_5">
    <segment>
      <node>
        <text-node>
          <description>These pipelines are used when the UI cartridge is not in the cartridge path.</description>
        </text-node>
        <node-display width="10" x="9" y="0"/>
      </node>
    </segment>
  </branch>
  <branch basename="ShowSelectedStoreCore">
    <segment>
      <node>
        <start-node name="ShowSelectedStoreCore" secure="false"/>
        <node-display x="9" y="1"/>
      </node>
      <simple-transition>
        <transition-display>
          <bend-point relative-to="target" x="0" y="-1"/>
        </transition-display>
      </simple-transition>
      <node>
        <call-node start-name-ref="StoreInventory-SetPreferredStoreCore"/>
        <node-display x="0" y="7"/>
      </node>
      <simple-transition>
        <transition-display>
          <bend-point relative-to="source" x="0" y="1"/>
        </transition-display>
      </simple-transition>
      <node>
        <decision-node condition-key="(CurrentSession.custom.zipcode != null) &amp;&amp; (CurrentSession.custom.storeId != null)" condition-operator="expr"/>
        <node-display x="0" y="1"/>
        <branch basename="b2" source-connector="yes">
          <transition target-connector="in">
            <transition-display>
              <bend-point relative-to="target" x="0" y="-1"/>
            </transition-display>
          </transition>
          <segment>
            <node>
              <interaction-node transaction-required="false">
                <template buffered="true" dynamic="false" name="storelocator/storepickup/coreshowselectedstore"/>
              </interaction-node>
              <node-display x="0" y="2"/>
            </node>
          </segment>
        </branch>
      </node>
      <transition target-connector="in1" target-path="./+1"/>
    </segment>
    <segment>
      <node>
        <join-node/>
        <node-display x="1" y="0"/>
      </node>
      <simple-transition>
        <transition-display>
          <bend-point relative-to="source" x="0" y="1"/>
        </transition-display>
      </simple-transition>
      <node>
        <decision-node condition-key="CurrentSession.custom.zipcode != null" condition-operator="expr"/>
        <node-display x="0" y="1"/>
        <branch basename="b2" source-connector="yes">
          <transition target-connector="in">
            <transition-display>
              <bend-point relative-to="source" x="0" y="1"/>
            </transition-display>
          </transition>
          <segment>
            <node>
              <interaction-node transaction-required="false">
                <template buffered="true" dynamic="false" name="storelocator/storepickup/coresetstore"/>
              </interaction-node>
              <node-display x="0" y="1"/>
            </node>
          </segment>
        </branch>
      </node>
      <transition target-connector="in3" target-path="./+1"/>
    </segment>
    <segment>
      <node>
        <join-node/>
        <node-display x="2" y="0"/>
      </node>
      <simple-transition>
        <transition-display>
          <bend-point relative-to="source" x="0" y="1"/>
        </transition-display>
      </simple-transition>
      <node>
        <interaction-node transaction-required="false">
          <template buffered="true" dynamic="false" name="storelocator/storepickup/corezipcode"/>
        </interaction-node>
        <node-display x="0" y="1"/>
      </node>
    </segment>
  </branch>
  <branch basename="ShowAvailableStores">
    <segment>
      <node>
        <start-node name="ShowAvailableStores" secure="false"/>
        <node-display x="10" y="1"/>
      </node>
      <transition target-connector="in1" target-path="./+1"/>
    </segment>
    <segment>
      <node>
        <join-node/>
        <node-display x="0" y="1"/>
      </node>
      <simple-transition/>
      <node>
        <call-node start-name-ref="StoreInventory-SetZipCodeValueCore"/>
        <node-display x="0" y="1"/>
      </node>
      <simple-transition/>
      <node>
        <call-node start-name-ref="StoreInventory-LookupByZipCode"/>
        <node-display x="0" y="1"/>
      </node>
      <simple-transition/>
      <node>
        <pipelet-node pipelet-name="GetProduct" pipelet-set-identifier="bc_api">
          <key-binding alias="CurrentHttpParameterMap.pid.stringValue" key="ProductID"/>
          <key-binding alias="Product" key="Product"/>
        </pipelet-node>
        <node-display x="0" y="1"/>
        <branch basename="b2" source-connector="error">
          <transition target-connector="in">
            <transition-display>
              <bend-point relative-to="source" x="2" y="0"/>
              <bend-point relative-to="target" x="0" y="-1"/>
            </transition-display>
          </transition>
          <segment>
            <node>
              <call-node start-name-ref="StoreInventory-GetProductFromLineItem"/>
              <node-display x="1" y="1"/>
            </node>
            <transition target-connector="in3" target-path="../+1">
              <transition-display>
                <bend-point relative-to="source" x="0" y="2"/>
              </transition-display>
            </transition>
          </segment>
        </branch>
      </node>
      <transition target-connector="in1" target-path="./+1"/>
    </segment>
    <segment>
      <node>
        <join-node/>
        <node-display x="0" y="2"/>
      </node>
      <simple-transition/>
      <node>
        <pipelet-node pipelet-name="Script" pipelet-set-identifier="bc_api">
          <config-property key="Transactional" value="false"/>
          <config-property key="OnError" value="PIPELET_ERROR"/>
          <config-property key="ScriptFile" value="Storefront_core:storelocator/storepickup/InventoryLookup.ds"/>
          <key-binding alias="Stores" key="stores"/>
          <key-binding alias="storeAvailabilityMap" key="storeAvailability"/>
          <key-binding alias="Product" key="product"/>
        </pipelet-node>
        <node-display x="0" y="1"/>
        <branch basename="b2" source-connector="error">
          <transition target-connector="in1" target-path="/ShowSelectedStoreCore.2">
            <transition-display>
              <bend-point relative-to="source" x="1" y="0"/>
              <bend-point relative-to="target" x="1" y="0"/>
            </transition-display>
          </transition>
        </branch>
      </node>
      <transition target-connector="in1" target-path="/ShowSelectedStoreCore.2"/>
    </segment>
  </branch>
  <branch basename="CartSetZipCodeCore">
    <segment>
      <node>
        <start-node name="CartSetZipCodeCore" secure="false"/>
        <node-display x="11" y="1"/>
      </node>
      <simple-transition>
        <transition-display>
          <bend-point relative-to="source" x="0" y="1"/>
        </transition-display>
      </simple-transition>
      <node>
        <decision-node condition-key="CurrentSession.custom.zipcode != null" condition-operator="expr"/>
        <node-display x="0" y="1"/>
        <branch basename="b2" source-connector="yes">
          <transition target-connector="in">
            <transition-display>
              <bend-point relative-to="source" x="0" y="1"/>
            </transition-display>
          </transition>
          <segment>
            <node>
              <pipelet-node pipelet-name="Assign" pipelet-set-identifier="bc_api">
                <config-property key="Transactional" value="false"/>
                <key-binding alias="null" key="From_0"/>
                <key-binding alias="null" key="To_0"/>
                <key-binding alias="null" key="From_1"/>
                <key-binding alias="null" key="To_1"/>
                <key-binding alias="null" key="From_2"/>
                <key-binding alias="null" key="To_2"/>
                <key-binding alias="null" key="From_3"/>
                <key-binding alias="null" key="To_3"/>
                <key-binding alias="null" key="From_4"/>
                <key-binding alias="null" key="To_4"/>
                <key-binding alias="null" key="From_5"/>
                <key-binding alias="null" key="To_5"/>
                <key-binding alias="null" key="From_6"/>
                <key-binding alias="null" key="To_6"/>
                <key-binding alias="null" key="From_7"/>
                <key-binding alias="null" key="To_7"/>
                <key-binding alias="null" key="From_8"/>
                <key-binding alias="null" key="To_8"/>
                <key-binding alias="null" key="From_9"/>
                <key-binding alias="null" key="To_9"/>
              </pipelet-node>
              <node-display x="0" y="1"/>
            </node>
            <transition target-connector="in3" target-path="/ShowAvailableStores.2">
              <transition-display>
                <bend-point relative-to="source" x="0" y="1"/>
                <bend-point relative-to="source" x="-1" y="1"/>
                <bend-point relative-to="target" x="1" y="0"/>
              </transition-display>
            </transition>
          </segment>
        </branch>
      </node>
      <transition target-connector="in3" target-path="./+1"/>
    </segment>
    <segment>
      <node>
        <join-node/>
        <node-display x="1" y="0"/>
      </node>
      <transition target-connector="in1" target-path="/ShowSelectedStoreCore.3"/>
    </segment>
  </branch>
  <branch basename="SetZipCodeCore">
    <segment>
      <node>
        <start-node name="SetZipCodeCore" secure="false"/>
        <node-display x="12" y="1"/>
      </node>
      <transition target-connector="in1" target-path="/CartSetZipCodeCore.2"/>
    </segment>
  </branch>
  <branch basename="SetPreferredStoreCore">
    <segment>
      <node>
        <start-node call-mode="private" name="SetPreferredStoreCore" secure="false"/>
        <node-display x="14" y="1"/>
      </node>
      <simple-transition>
        <transition-display>
          <bend-point relative-to="source" x="0" y="1"/>
        </transition-display>
      </simple-transition>
      <node>
        <pipelet-node pipelet-name="Assign" pipelet-set-identifier="bc_api">
          <config-property key="Transactional" value="false"/>
          <key-binding alias="CurrentHttpParameterMap.storeId.value" key="From_0"/>
          <key-binding alias="CurrentSession.custom.storeId" key="To_0"/>
          <key-binding alias="null" key="From_1"/>
          <key-binding alias="null" key="To_1"/>
          <key-binding alias="null" key="From_2"/>
          <key-binding alias="null" key="To_2"/>
          <key-binding alias="null" key="From_3"/>
          <key-binding alias="null" key="To_3"/>
          <key-binding alias="null" key="From_4"/>
          <key-binding alias="null" key="To_4"/>
          <key-binding alias="null" key="From_5"/>
          <key-binding alias="null" key="To_5"/>
          <key-binding alias="null" key="From_6"/>
          <key-binding alias="null" key="To_6"/>
          <key-binding alias="null" key="From_7"/>
          <key-binding alias="null" key="To_7"/>
          <key-binding alias="null" key="From_8"/>
          <key-binding alias="null" key="To_8"/>
          <key-binding alias="null" key="From_9"/>
          <key-binding alias="null" key="To_9"/>
        </pipelet-node>
        <node-display x="0" y="1"/>
      </node>
      <simple-transition>
        <transition-display>
          <bend-point relative-to="source" x="0" y="1"/>
        </transition-display>
      </simple-transition>
      <node>
        <end-node/>
        <node-display x="0" y="1"/>
      </node>
    </segment>
  </branch>
  <branch basename="SetZipCodeSubmission">
    <segment>
      <node>
        <start-node call-mode="private" name="SetZipCodeSubmission" secure="false"/>
        <node-display x="15" y="1"/>
      </node>
      <simple-transition/>
      <node>
        <call-node start-name-ref="StoreInventory-SetZipCodeValueCore"/>
        <node-display x="0" y="1"/>
      </node>
      <simple-transition>
        <transition-display>
          <bend-point relative-to="source" x="0" y="1"/>
        </transition-display>
      </simple-transition>
      <node>
        <jump-node start-name-ref="StoreInventory-ShowAvailableStores"/>
        <node-display x="0" y="1"/>
      </node>
    </segment>
  </branch>
  <branch basename="SetZipCodeValueCore">
    <segment>
      <node>
        <start-node call-mode="private" name="SetZipCodeValueCore" secure="false"/>
        <node-display x="16" y="1"/>
      </node>
      <simple-transition>
        <transition-display>
          <bend-point relative-to="source" x="0" y="1"/>
        </transition-display>
      </simple-transition>
      <node>
        <pipelet-node pipelet-name="Assign" pipelet-set-identifier="bc_api">
          <config-property key="Transactional" value="false"/>
          <key-binding alias="CurrentHttpParameterMap.zipCode.value" key="From_0"/>
          <key-binding alias="CurrentSession.custom.zipcode" key="To_0"/>
          <key-binding alias="null" key="From_1"/>
          <key-binding alias="null" key="To_1"/>
          <key-binding alias="null" key="From_2"/>
          <key-binding alias="null" key="To_2"/>
          <key-binding alias="null" key="From_3"/>
          <key-binding alias="null" key="To_3"/>
          <key-binding alias="null" key="From_4"/>
          <key-binding alias="null" key="To_4"/>
          <key-binding alias="null" key="From_5"/>
          <key-binding alias="null" key="To_5"/>
          <key-binding alias="null" key="From_6"/>
          <key-binding alias="null" key="To_6"/>
          <key-binding alias="null" key="From_7"/>
          <key-binding alias="null" key="To_7"/>
          <key-binding alias="null" key="From_8"/>
          <key-binding alias="null" key="To_8"/>
          <key-binding alias="null" key="From_9"/>
          <key-binding alias="null" key="To_9"/>
        </pipelet-node>
        <node-display x="0" y="1"/>
      </node>
      <simple-transition>
        <transition-display>
          <bend-point relative-to="source" x="0" y="1"/>
        </transition-display>
      </simple-transition>
      <node>
        <end-node/>
        <node-display x="0" y="1"/>
      </node>
    </segment>
  </branch>
  <branch basename="SetStoreIdValueCore">
    <segment>
      <node>
        <start-node call-mode="private" name="SetStoreIdValueCore" secure="false"/>
        <node-display x="17" y="1"/>
      </node>
      <simple-transition>
        <transition-display>
          <bend-point relative-to="source" x="0" y="1"/>
        </transition-display>
      </simple-transition>
      <node>
        <pipelet-node pipelet-name="Assign" pipelet-set-identifier="bc_api">
          <config-property key="Transactional" value="false"/>
          <key-binding alias="CurrentHttpParameterMap.storeId.value" key="From_0"/>
          <key-binding alias="CurrentSession.custom.storeId" key="To_0"/>
          <key-binding alias="null" key="From_1"/>
          <key-binding alias="null" key="To_1"/>
          <key-binding alias="null" key="From_2"/>
          <key-binding alias="null" key="To_2"/>
          <key-binding alias="null" key="From_3"/>
          <key-binding alias="null" key="To_3"/>
          <key-binding alias="null" key="From_4"/>
          <key-binding alias="null" key="To_4"/>
          <key-binding alias="null" key="From_5"/>
          <key-binding alias="null" key="To_5"/>
          <key-binding alias="null" key="From_6"/>
          <key-binding alias="null" key="To_6"/>
          <key-binding alias="null" key="From_7"/>
          <key-binding alias="null" key="To_7"/>
          <key-binding alias="null" key="From_8"/>
          <key-binding alias="null" key="To_8"/>
          <key-binding alias="null" key="From_9"/>
          <key-binding alias="null" key="To_9"/>
        </pipelet-node>
        <node-display x="0" y="1"/>
      </node>
      <simple-transition>
        <transition-display>
          <bend-point relative-to="source" x="0" y="1"/>
        </transition-display>
      </simple-transition>
      <node>
        <end-node/>
        <node-display x="0" y="1"/>
      </node>
    </segment>
  </branch>
  <branch basename="SetStoreCore">
    <segment>
      <node>
        <start-node call-mode="public" name="SetStoreCore" secure="false"/>
        <node-display x="18" y="1"/>
      </node>
      <simple-transition/>
      <node>
        <call-node start-name-ref="Cart-GetExistingBasket"/>
        <node-display x="0" y="1"/>
        <branch basename="b2" source-connector="error">
          <transition target-connector="in">
            <transition-display>
              <bend-point relative-to="target" x="-1" y="0"/>
            </transition-display>
          </transition>
          <segment>
            <node>
              <jump-node start-name-ref="Cart-Show"/>
              <node-display orientation="horizontal" x="1" y="1"/>
            </node>
          </segment>
        </branch>
      </node>
      <simple-transition/>
      <node>
        <pipelet-node pipelet-name="Script" pipelet-set-identifier="bc_api">
          <config-property key="Transactional" value="true"/>
          <config-property key="OnError" value="PIPELET_ERROR"/>
          <config-property key="ScriptFile" value="Storefront_core:cart/storepickup/SetStoreInLineItem.ds"/>
          <key-binding alias="Basket" key="Basket"/>
          <key-binding alias="CurrentHttpParameterMap.plid.stringValue" key="LineItemUUID"/>
          <key-binding alias="CurrentHttpParameterMap.storeid.stringValue" key="StoreId"/>
          <key-binding alias="ErrorCode" key="ErrorCode"/>
          <key-binding alias="CurrentHttpParameterMap.storepickup.stringValue" key="StorePickup"/>
        </pipelet-node>
        <node-display x="0" y="2"/>
        <branch basename="b3" source-connector="error">
          <transition target-connector="in1" target-path="./b4.1"/>
        </branch>
      </node>
      <simple-transition/>
      <node>
        <pipelet-node pipelet-name="Script" pipelet-set-identifier="bc_api">
          <config-property key="Transactional" value="true"/>
          <config-property key="OnError" value="PIPELET_ERROR"/>
          <config-property key="ScriptFile" value="Storefront_core:checkout/RemoveEmptyShipments.ds"/>
          <key-binding alias="null" key="ScriptLog"/>
          <key-binding alias="Basket" key="Basket"/>
        </pipelet-node>
        <node-display x="0" y="2"/>
        <branch basename="b4" source-connector="error">
          <transition target-connector="in1">
            <transition-display>
              <bend-point relative-to="source" x="2" y="0"/>
            </transition-display>
          </transition>
          <segment>
            <node>
              <join-node/>
              <node-display x="1" y="-2"/>
            </node>
            <simple-transition>
              <transition-display>
                <bend-point relative-to="source" x="1" y="0"/>
              </transition-display>
            </simple-transition>
            <node>
              <jump-node start-name-ref="Cart-Show"/>
              <node-display orientation="horizontal" x="1" y="0"/>
            </node>
          </segment>
        </branch>
      </node>
      <simple-transition>
        <transition-display>
          <bend-point relative-to="source" x="0" y="1"/>
        </transition-display>
      </simple-transition>
      <node>
        <jump-node start-name-ref="Cart-Show"/>
        <node-display x="0" y="1"/>
      </node>
    </segment>
  </branch>
  <branch basename="_ANONYMOUS_BRANCH_15">
    <segment>
      <node>
        <text-node>
          <description>Gets a list of stores with the given product, or product line item's availibity to sell (requires rich_UI cartri
dge), if the storeID is not set it will be set within the session object.</description>
        </text-node>
        <node-display width="2" x="1" y="10"/>
      </node>
    </segment>
  </branch>
  <branch basename="Inventory">
    <segment>
      <node>
        <start-node name="Inventory" secure="false">
          <description>Sample URL to call ....Stores-Inventory?pid=2239622&amp;zipCode=01803</description>
        </start-node>
        <node-display x="1" y="11"/>
      </node>
      <simple-transition>
        <transition-display>
          <bend-point relative-to="source" x="0" y="1"/>
        </transition-display>
      </simple-transition>
      <node>
        <call-node start-name-ref="StoreInventory-LookupByZipCode"/>
        <node-display x="0" y="1"/>
      </node>
      <simple-transition/>
      <node>
        <pipelet-node pipelet-name="Assign" pipelet-set-identifier="bc_api">
          <config-property key="Transactional" value="false"/>
          <key-binding alias="null" key="From_1"/>
          <key-binding alias="PLI" key="To_1"/>
          <key-binding alias="null" key="From_2"/>
          <key-binding alias="null" key="To_2"/>
          <key-binding alias="null" key="From_3"/>
          <key-binding alias="null" key="To_3"/>
          <key-binding alias="null" key="From_4"/>
          <key-binding alias="null" key="To_4"/>
          <key-binding alias="null" key="From_5"/>
          <key-binding alias="null" key="To_5"/>
          <key-binding alias="null" key="From_6"/>
          <key-binding alias="null" key="To_6"/>
          <key-binding alias="null" key="From_7"/>
          <key-binding alias="null" key="To_7"/>
          <key-binding alias="null" key="From_8"/>
          <key-binding alias="null" key="To_8"/>
          <key-binding alias="null" key="From_9"/>
          <key-binding alias="null" key="To_9"/>
        </pipelet-node>
        <node-display x="0" y="1"/>
      </node>
      <simple-transition/>
      <node>
        <pipelet-node pipelet-name="GetProduct" pipelet-set-identifier="bc_api">
          <key-binding alias="CurrentHttpParameterMap.pid.stringValue" key="ProductID"/>
          <key-binding alias="Product" key="Product"/>
        </pipelet-node>
        <node-display x="0" y="1"/>
        <branch basename="b2" source-connector="error">
          <transition target-connector="in">
            <transition-display>
              <bend-point relative-to="source" x="2" y="0"/>
            </transition-display>
          </transition>
          <segment>
            <node>
              <call-node start-name-ref="StoreInventory-GetProductFromLineItem"/>
              <node-display x="1" y="1"/>
            </node>
            <transition target-connector="in3" target-path="../+1">
              <transition-display>
                <bend-point relative-to="source" x="0" y="2"/>
              </transition-display>
            </transition>
          </segment>
        </branch>
      </node>
      <transition target-connector="in1" target-path="./+1">
        <transition-display>
          <bend-point relative-to="source" x="0" y="2"/>
        </transition-display>
      </transition>
    </segment>
    <segment>
      <node>
        <join-node/>
        <node-display x="0" y="2"/>
      </node>
      <simple-transition/>
      <node>
        <pipelet-node pipelet-name="Script" pipelet-set-identifier="bc_api">
          <config-property key="Transactional" value="false"/>
          <config-property key="OnError" value="PIPELET_ERROR"/>
          <config-property key="ScriptFile" value="Storefront_core:storelocator/storepickup/InventoryLookup.ds"/>
          <key-binding alias="Stores" key="stores"/>
          <key-binding alias="storeAvailabilityMap" key="storeAvailability"/>
          <key-binding alias="Product" key="product"/>
          <key-binding alias="CurrentHttpParameterMap.pid.stringValue" key="pid"/>
          <key-binding alias="PLI" key="pli"/>
        </pipelet-node>
        <node-display x="0" y="1"/>
        <branch basename="b2" source-connector="error">
          <transition target-connector="in3" target-path="./+1">
            <transition-display>
              <bend-point relative-to="source" x="1" y="0"/>
              <bend-point relative-to="target" x="1" y="0"/>
            </transition-display>
          </transition>
        </branch>
      </node>
      <transition target-connector="in1" target-path="./+1"/>
    </segment>
    <segment>
      <node>
        <join-node/>
        <node-display x="0" y="1"/>
      </node>
      <simple-transition/>
      <node>
        <interaction-node transaction-required="false">
          <template buffered="true" dynamic="false" name="storelocator/storepickup/storeinventory"/>
        </interaction-node>
        <node-display x="0" y="1"/>
      </node>
    </segment>
  </branch>
  <branch basename="_ANONYMOUS_BRANCH_17">
    <segment>
      <node>
        <text-node>
          <description>Assumes that the pid refers to a product line item instead of a product object for determining products availability.</description>
        </text-node>
        <node-display width="2" x="4" y="10"/>
      </node>
    </segment>
  </branch>
  <branch basename="GetProductFromLineItem">
    <segment>
      <node>
        <start-node call-mode="private" name="GetProductFromLineItem" secure="false"/>
        <node-display x="4" y="11"/>
      </node>
      <simple-transition>
        <transition-display>
          <bend-point relative-to="source" x="0" y="1"/>
        </transition-display>
      </simple-transition>
      <node>
        <call-node start-name-ref="Cart-GetExistingBasket"/>
        <node-display x="0" y="1"/>
        <branch basename="b2" source-connector="error">
          <transition target-connector="in2" target-path="./+2">
            <transition-display>
              <bend-point relative-to="target" x="0" y="-1"/>
            </transition-display>
          </transition>
        </branch>
      </node>
      <transition target-connector="in" target-path="./+1">
        <transition-display>
          <bend-point relative-to="source" x="0" y="1"/>
        </transition-display>
      </transition>
    </segment>
    <segment>
      <node>
        <loop-node element-key="LineItem" iterator-key="Basket.productLineItems"/>
        <node-display x="0" y="1"/>
        <branch basename="b2" source-connector="do">
          <transition target-connector="in">
            <transition-display>
              <bend-point relative-to="source" x="0" y="1"/>
            </transition-display>
          </transition>
          <segment>
            <node>
              <decision-node condition-key="LineItem.UUID == CurrentHttpParameterMap.pid.stringValue" condition-operator="expr"/>
              <node-display x="0" y="1"/>
              <branch basename="b2" source-connector="yes">
                <transition target-connector="in">
                  <transition-display>
                    <bend-point relative-to="source" x="0" y="1"/>
                  </transition-display>
                </transition>
                <segment>
                  <node>
                    <pipelet-node pipelet-name="Assign" pipelet-set-identifier="bc_api">
                      <config-property key="Transactional" value="false"/>
                      <key-binding alias="LineItem.product" key="From_0"/>
                      <key-binding alias="Product" key="To_0"/>
                      <key-binding alias="LineItem" key="From_1"/>
                      <key-binding alias="PLI" key="To_1"/>
                      <key-binding alias="null" key="From_2"/>
                      <key-binding alias="null" key="To_2"/>
                      <key-binding alias="null" key="From_3"/>
                      <key-binding alias="null" key="To_3"/>
                      <key-binding alias="null" key="From_4"/>
                      <key-binding alias="null" key="To_4"/>
                      <key-binding alias="null" key="From_5"/>
                      <key-binding alias="null" key="To_5"/>
                      <key-binding alias="null" key="From_6"/>
                      <key-binding alias="null" key="To_6"/>
                      <key-binding alias="null" key="From_7"/>
                      <key-binding alias="null" key="To_7"/>
                      <key-binding alias="null" key="From_8"/>
                      <key-binding alias="null" key="To_8"/>
                      <key-binding alias="null" key="From_9"/>
                      <key-binding alias="null" key="To_9"/>
                    </pipelet-node>
                    <node-display x="0" y="1"/>
                  </node>
                  <simple-transition/>
                  <node>
                    <end-node/>
                    <node-display x="0" y="2"/>
                  </node>
                </segment>
              </branch>
            </node>
            <transition target-connector="loop" target-path="..">
              <transition-display>
                <bend-point relative-to="source" x="1" y="0"/>
                <bend-point relative-to="source" x="1" y="4"/>
                <bend-point relative-to="source" x="-1" y="4"/>
                <bend-point relative-to="target" x="-1" y="0"/>
              </transition-display>
            </transition>
          </segment>
        </branch>
      </node>
      <transition target-connector="in1" target-path="./+1"/>
    </segment>
    <segment>
      <node>
        <join-node/>
        <node-display x="1" y="0"/>
      </node>
      <simple-transition/>
      <node>
        <end-node/>
        <node-display orientation="horizontal" x="1" y="0"/>
      </node>
    </segment>
  </branch>
  <branch basename="_ANONYMOUS_BRANCH_19">
    <segment>
      <node>
        <text-node>
          <description>Gets/Sets the preferred store for the session object</description>
        </text-node>
        <node-display width="2" x="1" y="20"/>
      </node>
    </segment>
  </branch>
  <branch basename="SetPreferredStore">
    <segment>
      <node>
        <start-node name="SetPreferredStore" secure="false"/>
        <node-display x="1" y="21"/>
      </node>
      <simple-transition>
        <transition-display>
          <bend-point relative-to="source" x="0" y="1"/>
        </transition-display>
      </simple-transition>
      <node>
        <pipelet-node pipelet-name="Assign" pipelet-set-identifier="bc_api">
          <config-property key="Transactional" value="false"/>
          <key-binding alias="CurrentHttpParameterMap.storeId.value" key="From_0"/>
          <key-binding alias="CurrentSession.custom.storeId" key="To_0"/>
          <key-binding alias="null" key="From_1"/>
          <key-binding alias="null" key="To_1"/>
          <key-binding alias="null" key="From_2"/>
          <key-binding alias="null" key="To_2"/>
          <key-binding alias="null" key="From_3"/>
          <key-binding alias="null" key="To_3"/>
          <key-binding alias="null" key="From_4"/>
          <key-binding alias="null" key="To_4"/>
          <key-binding alias="null" key="From_5"/>
          <key-binding alias="null" key="To_5"/>
          <key-binding alias="null" key="From_6"/>
          <key-binding alias="null" key="To_6"/>
          <key-binding alias="null" key="From_7"/>
          <key-binding alias="null" key="To_7"/>
          <key-binding alias="null" key="From_8"/>
          <key-binding alias="null" key="To_8"/>
          <key-binding alias="null" key="From_9"/>
          <key-binding alias="null" key="To_9"/>
        </pipelet-node>
        <node-display x="0" y="1"/>
      </node>
      <transition target-connector="in1" target-path="./+1"/>
    </segment>
    <segment>
      <node>
        <join-node/>
        <node-display x="0" y="1"/>
      </node>
      <simple-transition>
        <transition-display>
          <bend-point relative-to="source" x="0" y="1"/>
        </transition-display>
      </simple-transition>
      <node>
        <interaction-node transaction-required="false">
          <template buffered="true" dynamic="false" name="storelocator/storepickup/getpreferredstore"/>
        </interaction-node>
        <node-display x="0" y="1"/>
      </node>
    </segment>
  </branch>
  <branch basename="GetPreferredStore">
    <segment>
      <node>
        <start-node name="GetPreferredStore" secure="false"/>
        <node-display x="2" y="21"/>
      </node>
      <transition target-connector="in1" target-path="/SetPreferredStore.2">
        <transition-display>
          <bend-point relative-to="target" x="2" y="0"/>
        </transition-display>
      </transition>
    </segment>
  </branch>
  <branch basename="_ANONYMOUS_BRANCH_22">
    <segment>
      <node>
        <text-node>
          <description>Gets/Sets the users zip code for the session object</description>
        </text-node>
        <node-display width="2" x="4" y="20"/>
      </node>
    </segment>
  </branch>
  <branch basename="SetZipCode">
    <segment>
      <node>
        <start-node name="SetZipCode" secure="false"/>
        <node-display x="4" y="21"/>
      </node>
      <simple-transition>
        <transition-display>
          <bend-point relative-to="source" x="0" y="1"/>
        </transition-display>
      </simple-transition>
      <node>
        <pipelet-node pipelet-name="Assign" pipelet-set-identifier="bc_api">
          <config-property key="Transactional" value="false"/>
          <key-binding alias="CurrentHttpParameterMap.zipCode.value" key="From_0"/>
          <key-binding alias="CurrentSession.custom.zipcode" key="To_0"/>
          <key-binding alias="null" key="From_1"/>
          <key-binding alias="null" key="To_1"/>
          <key-binding alias="null" key="From_2"/>
          <key-binding alias="null" key="To_2"/>
          <key-binding alias="null" key="From_3"/>
          <key-binding alias="null" key="To_3"/>
          <key-binding alias="null" key="From_4"/>
          <key-binding alias="null" key="To_4"/>
          <key-binding alias="null" key="From_5"/>
          <key-binding alias="null" key="To_5"/>
          <key-binding alias="null" key="From_6"/>
          <key-binding alias="null" key="To_6"/>
          <key-binding alias="null" key="From_7"/>
          <key-binding alias="null" key="To_7"/>
          <key-binding alias="null" key="From_8"/>
          <key-binding alias="null" key="To_8"/>
          <key-binding alias="null" key="From_9"/>
          <key-binding alias="null" key="To_9"/>
        </pipelet-node>
        <node-display x="0" y="1"/>
      </node>
      <transition target-connector="in1" target-path="./+1"/>
    </segment>
    <segment>
      <node>
        <join-node/>
        <node-display x="0" y="1"/>
      </node>
      <simple-transition/>
      <node>
        <interaction-node transaction-required="false">
          <template buffered="true" dynamic="false" name="storelocator/storepickup/getzipcode"/>
        </interaction-node>
        <node-display x="0" y="1"/>
      </node>
    </segment>
  </branch>
  <branch basename="GetZipCode">
    <segment>
      <node>
        <start-node name="GetZipCode" secure="false"/>
        <node-display x="5" y="21"/>
      </node>
      <transition target-connector="in3" target-path="/SetZipCode.2">
        <transition-display>
          <bend-point relative-to="target" x="2" y="0"/>
        </transition-display>
      </transition>
    </segment>
  </branch>
</pipeline>
